Fitter report for I2C_SPI_UART
Sun Mar 01 19:15:36 2026
Quartus Prime Version 17.1.0 Build 590 10/25/2017 SJ Lite Edition


---------------------
; Table of Contents ;
---------------------
  1. Legal Notice
  2. Fitter Summary
  3. Fitter Settings
  4. Parallel Compilation
  5. Fitter Netlist Optimizations
  6. Incremental Compilation Preservation Summary
  7. Incremental Compilation Partition Settings
  8. Incremental Compilation Placement Preservation
  9. Pin-Out File
 10. Fitter Resource Usage Summary
 11. Fitter Partition Statistics
 12. Input Pins
 13. Output Pins
 14. Bidir Pins
 15. Dual Purpose and Dedicated Pins
 16. I/O Bank Usage
 17. All Package Pins
 18. I/O Assignment Warnings
 19. Fitter Resource Utilization by Entity
 20. Delay Chain Summary
 21. Pad To Core Delay Chain Fanout
 22. Control Signals
 23. Global & Other Fast Signals
 24. Non-Global High Fan-Out Signals
 25. Fitter RAM Summary
 26. Routing Usage Summary
 27. LAB Logic Elements
 28. LAB-wide Signals
 29. LAB Signals Sourced
 30. LAB Signals Sourced Out
 31. LAB Distinct Inputs
 32. I/O Rules Summary
 33. I/O Rules Details
 34. I/O Rules Matrix
 35. Fitter Device Options
 36. Operating Settings and Conditions
 37. Estimated Delay Added for Hold Timing Summary
 38. Estimated Delay Added for Hold Timing Details
 39. Fitter Messages
 40. Fitter Suppressed Messages



----------------
; Legal Notice ;
----------------
Copyright (C) 2017  Intel Corporation. All rights reserved.
Your use of Intel Corporation's design tools, logic functions 
and other software and tools, and its AMPP partner logic 
functions, and any output files from any of the foregoing 
(including device programming or simulation files), and any 
associated documentation or information are expressly subject 
to the terms and conditions of the Intel Program License 
Subscription Agreement, the Intel Quartus Prime License Agreement,
the Intel FPGA IP License Agreement, or other applicable license
agreement, including, without limitation, that your use is for
the sole purpose of programming logic devices manufactured by
Intel and sold by Intel or its authorized distributors.  Please
refer to the applicable agreement for further details.



+----------------------------------------------------------------------------------+
; Fitter Summary                                                                   ;
+------------------------------------+---------------------------------------------+
; Fitter Status                      ; Successful - Sun Mar 01 19:15:36 2026       ;
; Quartus Prime Version              ; 17.1.0 Build 590 10/25/2017 SJ Lite Edition ;
; Revision Name                      ; I2C_SPI_UART                                ;
; Top-level Entity Name              ; I2C_SPI_UART_BLOCK                          ;
; Family                             ; MAX 10                                      ;
; Device                             ; 10M08SCE144C8G                              ;
; Timing Models                      ; Final                                       ;
; Total logic elements               ; 1,052 / 8,064 ( 13 % )                      ;
;     Total combinational functions  ; 832 / 8,064 ( 10 % )                        ;
;     Dedicated logic registers      ; 669 / 8,064 ( 8 % )                         ;
; Total registers                    ; 669                                         ;
; Total pins                         ; 9 / 101 ( 9 % )                             ;
; Total virtual pins                 ; 0                                           ;
; Total memory bits                  ; 1,024 / 387,072 ( < 1 % )                   ;
; Embedded Multiplier 9-bit elements ; 0 / 48 ( 0 % )                              ;
; Total PLLs                         ; 0 / 1 ( 0 % )                               ;
; UFM blocks                         ; 0 / 1 ( 0 % )                               ;
; ADC blocks                         ; 0                                           ;
+------------------------------------+---------------------------------------------+


+------------------------------------------------------------------------------------------------------------------------------------------------------------+
; Fitter Settings                                                                                                                                            ;
+----------------------------------------------------------------------------+---------------------------------------+---------------------------------------+
; Option                                                                     ; Setting                               ; Default Value                         ;
+----------------------------------------------------------------------------+---------------------------------------+---------------------------------------+
; Device                                                                     ; 10M08SCE144C8G                        ;                                       ;
; Minimum Core Junction Temperature                                          ; 0                                     ;                                       ;
; Maximum Core Junction Temperature                                          ; 85                                    ;                                       ;
; Fit Attempts to Skip                                                       ; 0                                     ; 0.0                                   ;
; Use smart compilation                                                      ; Off                                   ; Off                                   ;
; Enable parallel Assembler and TimeQuest Timing Analyzer during compilation ; On                                    ; On                                    ;
; Enable compact report table                                                ; Off                                   ; Off                                   ;
; Auto Merge PLLs                                                            ; On                                    ; On                                    ;
; Router Timing Optimization Level                                           ; Normal                                ; Normal                                ;
; Perform Clocking Topology Analysis During Routing                          ; Off                                   ; Off                                   ;
; Placement Effort Multiplier                                                ; 1.0                                   ; 1.0                                   ;
; Router Effort Multiplier                                                   ; 1.0                                   ; 1.0                                   ;
; Optimize Hold Timing                                                       ; All Paths                             ; All Paths                             ;
; Optimize Multi-Corner Timing                                               ; On                                    ; On                                    ;
; Power Optimization During Fitting                                          ; Normal compilation                    ; Normal compilation                    ;
; SSN Optimization                                                           ; Off                                   ; Off                                   ;
; Optimize Timing                                                            ; Normal compilation                    ; Normal compilation                    ;
; Optimize Timing for ECOs                                                   ; Off                                   ; Off                                   ;
; Regenerate Full Fit Report During ECO Compiles                             ; Off                                   ; Off                                   ;
; Optimize IOC Register Placement for Timing                                 ; Normal                                ; Normal                                ;
; Final Placement Optimizations                                              ; Automatically                         ; Automatically                         ;
; Fitter Initial Placement Seed                                              ; 1                                     ; 1                                     ;
; Periphery to Core Placement and Routing Optimization                       ; Off                                   ; Off                                   ;
; PCI I/O                                                                    ; Off                                   ; Off                                   ;
; Weak Pull-Up Resistor                                                      ; Off                                   ; Off                                   ;
; Enable Bus-Hold Circuitry                                                  ; Off                                   ; Off                                   ;
; Auto Packed Registers                                                      ; Auto                                  ; Auto                                  ;
; Auto Delay Chains                                                          ; On                                    ; On                                    ;
; Auto Delay Chains for High Fanout Input Pins                               ; Off                                   ; Off                                   ;
; Allow Single-ended Buffer for Differential-XSTL Input                      ; Off                                   ; Off                                   ;
; Treat Bidirectional Pin as Output Pin                                      ; Off                                   ; Off                                   ;
; Perform Physical Synthesis for Combinational Logic for Fitting             ; Off                                   ; Off                                   ;
; Perform Physical Synthesis for Combinational Logic for Performance         ; Off                                   ; Off                                   ;
; Perform Register Duplication for Performance                               ; Off                                   ; Off                                   ;
; Perform Logic to Memory Mapping for Fitting                                ; Off                                   ; Off                                   ;
; Perform Register Retiming for Performance                                  ; Off                                   ; Off                                   ;
; Perform Asynchronous Signal Pipelining                                     ; Off                                   ; Off                                   ;
; Fitter Effort                                                              ; Auto Fit                              ; Auto Fit                              ;
; Physical Synthesis Effort Level                                            ; Normal                                ; Normal                                ;
; Logic Cell Insertion - Logic Duplication                                   ; Auto                                  ; Auto                                  ;
; Auto Register Duplication                                                  ; Auto                                  ; Auto                                  ;
; Auto Global Clock                                                          ; On                                    ; On                                    ;
; Auto Global Register Control Signals                                       ; On                                    ; On                                    ;
; Reserve all unused pins                                                    ; As input tri-stated with weak pull-up ; As input tri-stated with weak pull-up ;
; Synchronizer Identification                                                ; Auto                                  ; Auto                                  ;
; Enable Beneficial Skew Optimization                                        ; On                                    ; On                                    ;
; Optimize Design for Metastability                                          ; On                                    ; On                                    ;
; Force Fitter to Avoid Periphery Placement Warnings                         ; Off                                   ; Off                                   ;
; Enable input tri-state on active configuration pins in user mode           ; Off                                   ; Off                                   ;
+----------------------------------------------------------------------------+---------------------------------------+---------------------------------------+


+------------------------------------------+
; Parallel Compilation                     ;
+----------------------------+-------------+
; Processors                 ; Number      ;
+----------------------------+-------------+
; Number detected on machine ; 8           ;
; Maximum allowed            ; 4           ;
;                            ;             ;
; Average used               ; 1.27        ;
; Maximum used               ; 4           ;
;                            ;             ;
; Usage by Processor         ; % Time Used ;
;     Processor 1            ; 100.0%      ;
;     Processor 2            ;   9.2%      ;
;     Processor 3            ;   9.1%      ;
;     Processor 4            ;   9.1%      ;
+----------------------------+-------------+


+-----------------------------------------------------------------------------------------------------------------------------------------------------------------------------------------------------------------------------------------------------------------------------------------------------------+
; Fitter Netlist Optimizations                                                                                                                                                                                                                                                                              ;
+------------------------------+-----------------+------------------+---------------------+-----------+----------------+-----------------------------------------------------------------------------------------------------------------------------------------+------------------+-----------------------+
; Node                         ; Action          ; Operation        ; Reason              ; Node Port ; Node Port Name ; Destination Node                                                                                                                        ; Destination Port ; Destination Port Name ;
+------------------------------+-----------------+------------------+---------------------+-----------+----------------+-----------------------------------------------------------------------------------------------------------------------------------------+------------------+-----------------------+
; I2C_SPI_UART:inst|UART_TX[0] ; Packed Register ; Register Packing ; Timing optimization ; Q         ;                ; I2C_SPI_UART:inst|FIFO:FIFO_inst|scfifo:scfifo_component|scfifo_ep11:auto_generated|a_dpfifo_lv11:dpfifo|altsyncram_cvl1:FIFOram|q_b[0] ; PORTBDATAOUT     ;                       ;
; I2C_SPI_UART:inst|UART_TX[1] ; Packed Register ; Register Packing ; Timing optimization ; Q         ;                ; I2C_SPI_UART:inst|FIFO:FIFO_inst|scfifo:scfifo_component|scfifo_ep11:auto_generated|a_dpfifo_lv11:dpfifo|altsyncram_cvl1:FIFOram|q_b[1] ; PORTBDATAOUT     ;                       ;
; I2C_SPI_UART:inst|UART_TX[2] ; Packed Register ; Register Packing ; Timing optimization ; Q         ;                ; I2C_SPI_UART:inst|FIFO:FIFO_inst|scfifo:scfifo_component|scfifo_ep11:auto_generated|a_dpfifo_lv11:dpfifo|altsyncram_cvl1:FIFOram|q_b[2] ; PORTBDATAOUT     ;                       ;
; I2C_SPI_UART:inst|UART_TX[3] ; Packed Register ; Register Packing ; Timing optimization ; Q         ;                ; I2C_SPI_UART:inst|FIFO:FIFO_inst|scfifo:scfifo_component|scfifo_ep11:auto_generated|a_dpfifo_lv11:dpfifo|altsyncram_cvl1:FIFOram|q_b[3] ; PORTBDATAOUT     ;                       ;
; I2C_SPI_UART:inst|UART_TX[4] ; Packed Register ; Register Packing ; Timing optimization ; Q         ;                ; I2C_SPI_UART:inst|FIFO:FIFO_inst|scfifo:scfifo_component|scfifo_ep11:auto_generated|a_dpfifo_lv11:dpfifo|altsyncram_cvl1:FIFOram|q_b[4] ; PORTBDATAOUT     ;                       ;
; I2C_SPI_UART:inst|UART_TX[5] ; Packed Register ; Register Packing ; Timing optimization ; Q         ;                ; I2C_SPI_UART:inst|FIFO:FIFO_inst|scfifo:scfifo_component|scfifo_ep11:auto_generated|a_dpfifo_lv11:dpfifo|altsyncram_cvl1:FIFOram|q_b[5] ; PORTBDATAOUT     ;                       ;
; I2C_SPI_UART:inst|UART_TX[6] ; Packed Register ; Register Packing ; Timing optimization ; Q         ;                ; I2C_SPI_UART:inst|FIFO:FIFO_inst|scfifo:scfifo_component|scfifo_ep11:auto_generated|a_dpfifo_lv11:dpfifo|altsyncram_cvl1:FIFOram|q_b[6] ; PORTBDATAOUT     ;                       ;
; I2C_SPI_UART:inst|UART_TX[7] ; Packed Register ; Register Packing ; Timing optimization ; Q         ;                ; I2C_SPI_UART:inst|FIFO:FIFO_inst|scfifo:scfifo_component|scfifo_ep11:auto_generated|a_dpfifo_lv11:dpfifo|altsyncram_cvl1:FIFOram|q_b[7] ; PORTBDATAOUT     ;                       ;
+------------------------------+-----------------+------------------+---------------------+-----------+----------------+-----------------------------------------------------------------------------------------------------------------------------------------+------------------+-----------------------+


+---------------------------------------------------------------------------------------------------+
; Incremental Compilation Preservation Summary                                                      ;
+---------------------+---------------------+----------------------------+--------------------------+
; Type                ; Total [A + B]       ; From Design Partitions [A] ; From Rapid Recompile [B] ;
+---------------------+---------------------+----------------------------+--------------------------+
; Placement (by node) ;                     ;                            ;                          ;
;     -- Requested    ; 0.00 % ( 0 / 1552 ) ; 0.00 % ( 0 / 1552 )        ; 0.00 % ( 0 / 1552 )      ;
;     -- Achieved     ; 0.00 % ( 0 / 1552 ) ; 0.00 % ( 0 / 1552 )        ; 0.00 % ( 0 / 1552 )      ;
;                     ;                     ;                            ;                          ;
; Routing (by net)    ;                     ;                            ;                          ;
;     -- Requested    ; 0.00 % ( 0 / 0 )    ; 0.00 % ( 0 / 0 )           ; 0.00 % ( 0 / 0 )         ;
;     -- Achieved     ; 0.00 % ( 0 / 0 )    ; 0.00 % ( 0 / 0 )           ; 0.00 % ( 0 / 0 )         ;
+---------------------+---------------------+----------------------------+--------------------------+


+----------------------------------------------------------------------------------------------------------------------------------------------------------------------------------------+
; Incremental Compilation Partition Settings                                                                                                                                             ;
+--------------------------------+----------------+-------------------+-------------------------+------------------------+------------------------------+--------------------------------+
; Partition Name                 ; Partition Type ; Netlist Type Used ; Preservation Level Used ; Netlist Type Requested ; Preservation Level Requested ; Contents                       ;
+--------------------------------+----------------+-------------------+-------------------------+------------------------+------------------------------+--------------------------------+
; Top                            ; User-created   ; Source File       ; N/A                     ; Source File            ; N/A                          ;                                ;
; hard_block:auto_generated_inst ; Auto-generated ; Source File       ; N/A                     ; Source File            ; N/A                          ; hard_block:auto_generated_inst ;
+--------------------------------+----------------+-------------------+-------------------------+------------------------+------------------------------+--------------------------------+


+------------------------------------------------------------------------------------------------------------------------------------+
; Incremental Compilation Placement Preservation                                                                                     ;
+--------------------------------+-----------------------+-------------------------+-------------------+---------------------+-------+
; Partition Name                 ; Preservation Achieved ; Preservation Level Used ; Netlist Type Used ; Preservation Method ; Notes ;
+--------------------------------+-----------------------+-------------------------+-------------------+---------------------+-------+
; Top                            ; 0.00 % ( 0 / 1536 )   ; N/A                     ; Source File       ; N/A                 ;       ;
; hard_block:auto_generated_inst ; 0.00 % ( 0 / 16 )     ; N/A                     ; Source File       ; N/A                 ;       ;
+--------------------------------+-----------------------+-------------------------+-------------------+---------------------+-------+


+--------------+
; Pin-Out File ;
+--------------+
The pin-out file can be found in C:/Users/steel/Documents/FPGA_tasks/FPGA_REPO/FPGA-practices/I2C+SPI+UART/output_files/I2C_SPI_UART.pin.


+-------------------------------------------------------------------------+
; Fitter Resource Usage Summary                                           ;
+---------------------------------------------+---------------------------+
; Resource                                    ; Usage                     ;
+---------------------------------------------+---------------------------+
; Total logic elements                        ; 1,052 / 8,064 ( 13 % )    ;
;     -- Combinational with no register       ; 383                       ;
;     -- Register only                        ; 220                       ;
;     -- Combinational with a register        ; 449                       ;
;                                             ;                           ;
; Logic element usage by number of LUT inputs ;                           ;
;     -- 4 input functions                    ; 331                       ;
;     -- 3 input functions                    ; 143                       ;
;     -- <=2 input functions                  ; 358                       ;
;     -- Register only                        ; 220                       ;
;                                             ;                           ;
; Logic elements by mode                      ;                           ;
;     -- normal mode                          ; 596                       ;
;     -- arithmetic mode                      ; 236                       ;
;                                             ;                           ;
; Total registers*                            ; 669 / 8,542 ( 8 % )       ;
;     -- Dedicated logic registers            ; 669 / 8,064 ( 8 % )       ;
;     -- I/O registers                        ; 0 / 478 ( 0 % )           ;
;                                             ;                           ;
; Total LABs:  partially or completely used   ; 83 / 504 ( 16 % )         ;
; Virtual pins                                ; 0                         ;
; I/O pins                                    ; 9 / 101 ( 9 % )           ;
;     -- Clock pins                           ; 2 / 4 ( 50 % )            ;
;     -- Dedicated input pins                 ; 1 / 1 ( 100 % )           ;
;                                             ;                           ;
; M9Ks                                        ; 1 / 42 ( 2 % )            ;
; UFM blocks                                  ; 0 / 1 ( 0 % )             ;
; Total block memory bits                     ; 1,024 / 387,072 ( < 1 % ) ;
; Total block memory implementation bits      ; 9,216 / 387,072 ( 2 % )   ;
; Embedded Multiplier 9-bit elements          ; 0 / 48 ( 0 % )            ;
; PLLs                                        ; 0 / 1 ( 0 % )             ;
; Global signals                              ; 1                         ;
;     -- Global clocks                        ; 1 / 10 ( 10 % )           ;
; JTAGs                                       ; 0 / 1 ( 0 % )             ;
; CRC blocks                                  ; 0 / 1 ( 0 % )             ;
; Remote update blocks                        ; 0 / 1 ( 0 % )             ;
; Oscillator blocks                           ; 0 / 1 ( 0 % )             ;
; Average interconnect usage (total/H/V)      ; 1.5% / 1.5% / 1.7%        ;
; Peak interconnect usage (total/H/V)         ; 5.2% / 5.0% / 5.3%        ;
; Maximum fan-out                             ; 671                       ;
; Highest non-global fan-out                  ; 569                       ;
; Total fan-out                               ; 5105                      ;
; Average fan-out                             ; 2.99                      ;
+---------------------------------------------+---------------------------+
*  Register count does not include registers inside RAM blocks or DSP blocks.



+-----------------------------------------------------------------------------------------------------+
; Fitter Partition Statistics                                                                         ;
+---------------------------------------------+----------------------+--------------------------------+
; Statistic                                   ; Top                  ; hard_block:auto_generated_inst ;
+---------------------------------------------+----------------------+--------------------------------+
; Difficulty Clustering Region                ; Low                  ; Low                            ;
;                                             ;                      ;                                ;
; Total logic elements                        ; 1052 / 8064 ( 13 % ) ; 0 / 8064 ( 0 % )               ;
;     -- Combinational with no register       ; 383                  ; 0                              ;
;     -- Register only                        ; 220                  ; 0                              ;
;     -- Combinational with a register        ; 449                  ; 0                              ;
;                                             ;                      ;                                ;
; Logic element usage by number of LUT inputs ;                      ;                                ;
;     -- 4 input functions                    ; 331                  ; 0                              ;
;     -- 3 input functions                    ; 143                  ; 0                              ;
;     -- <=2 input functions                  ; 358                  ; 0                              ;
;     -- Register only                        ; 220                  ; 0                              ;
;                                             ;                      ;                                ;
; Logic elements by mode                      ;                      ;                                ;
;     -- normal mode                          ; 596                  ; 0                              ;
;     -- arithmetic mode                      ; 236                  ; 0                              ;
;                                             ;                      ;                                ;
; Total registers                             ; 669                  ; 0                              ;
;     -- Dedicated logic registers            ; 669 / 8064 ( 8 % )   ; 0 / 8064 ( 0 % )               ;
;     -- I/O registers                        ; 0                    ; 0                              ;
;                                             ;                      ;                                ;
; Total LABs:  partially or completely used   ; 83 / 504 ( 16 % )    ; 0 / 504 ( 0 % )                ;
;                                             ;                      ;                                ;
; Virtual pins                                ; 0                    ; 0                              ;
; I/O pins                                    ; 9                    ; 0                              ;
; Embedded Multiplier 9-bit elements          ; 0 / 48 ( 0 % )       ; 0 / 48 ( 0 % )                 ;
; Total memory bits                           ; 1024                 ; 0                              ;
; Total RAM block bits                        ; 9216                 ; 0                              ;
; M9K                                         ; 1 / 42 ( 2 % )       ; 0 / 42 ( 0 % )                 ;
; Clock control block                         ; 1 / 12 ( 8 % )       ; 0 / 12 ( 0 % )                 ;
; User Flash Memory                           ; 1 / 1 ( 100 % )      ; 0 / 1 ( 0 % )                  ;
; Analog-to-Digital Converter                 ; 1 / 1 ( 100 % )      ; 0 / 1 ( 0 % )                  ;
;                                             ;                      ;                                ;
; Connections                                 ;                      ;                                ;
;     -- Input Connections                    ; 2                    ; 0                              ;
;     -- Registered Input Connections         ; 0                    ; 0                              ;
;     -- Output Connections                   ; 2                    ; 0                              ;
;     -- Registered Output Connections        ; 0                    ; 0                              ;
;                                             ;                      ;                                ;
; Internal Connections                        ;                      ;                                ;
;     -- Total Connections                    ; 5107                 ; 8                              ;
;     -- Registered Connections               ; 1770                 ; 0                              ;
;                                             ;                      ;                                ;
; External Connections                        ;                      ;                                ;
;     -- Top                                  ; 4                    ; 0                              ;
;     -- hard_block:auto_generated_inst       ; 0                    ; 0                              ;
;                                             ;                      ;                                ;
; Partition Interface                         ;                      ;                                ;
;     -- Input Ports                          ; 3                    ; 0                              ;
;     -- Output Ports                         ; 4                    ; 0                              ;
;     -- Bidir Ports                          ; 2                    ; 0                              ;
;                                             ;                      ;                                ;
; Registered Ports                            ;                      ;                                ;
;     -- Registered Input Ports               ; 0                    ; 0                              ;
;     -- Registered Output Ports              ; 0                    ; 0                              ;
;                                             ;                      ;                                ;
; Port Connectivity                           ;                      ;                                ;
;     -- Input Ports driven by GND            ; 0                    ; 0                              ;
;     -- Output Ports driven by GND           ; 0                    ; 0                              ;
;     -- Input Ports driven by VCC            ; 0                    ; 0                              ;
;     -- Output Ports driven by VCC           ; 0                    ; 0                              ;
;     -- Input Ports with no Source           ; 0                    ; 0                              ;
;     -- Output Ports with no Source          ; 0                    ; 0                              ;
;     -- Input Ports with no Fanout           ; 0                    ; 0                              ;
;     -- Output Ports with no Fanout          ; 0                    ; 0                              ;
+---------------------------------------------+----------------------+--------------------------------+


+----------------------------------------------------------------------------------------------------------------------------------------------------------------------------------------------------------------------------------------------------------------------------------------+
; Input Pins                                                                                                                                                                                                                                                                             ;
+-------+-------+----------+--------------+--------------+--------------+-----------------------+--------------------+--------+----------------+---------------+-----------------+----------+--------------+--------------+---------------------------+----------------------+-----------+
; Name  ; Pin # ; I/O Bank ; X coordinate ; Y coordinate ; Z coordinate ; Combinational Fan-Out ; Registered Fan-Out ; Global ; Input Register ; Power Up High ; PCI I/O Enabled ; Bus Hold ; Weak Pull Up ; I/O Standard ; Termination Control Block ; Location assigned by ; Slew Rate ;
+-------+-------+----------+--------------+--------------+--------------+-----------------------+--------------------+--------+----------------+---------------+-----------------+----------+--------------+--------------+---------------------------+----------------------+-----------+
; CLK   ; 26    ; 2        ; 0            ; 7            ; 14           ; 671                   ; 0                  ; yes    ; no             ; no            ; yes             ; no       ; Off          ; 2.5 V        ; --                        ; User                 ; 0         ;
; MISO  ; 101   ; 6        ; 31           ; 19           ; 14           ; 1                     ; 0                  ; no     ; no             ; no            ; yes             ; no       ; Off          ; 2.5 V        ; --                        ; User                 ; 0         ;
; RESET ; 74    ; 5        ; 31           ; 1            ; 7            ; 569                   ; 0                  ; no     ; no             ; no            ; yes             ; no       ; Off          ; 2.5 V        ; --                        ; User                 ; 0         ;
+-------+-------+----------+--------------+--------------+--------------+-----------------------+--------------------+--------+----------------+---------------+-----------------+----------+--------------+--------------+---------------------------+----------------------+-----------+


+--------------------------------------------------------------------------------------------------------------------------------------------------------------------------------------------------------------------------------------------------------------------------------------------------------------------------------------------------------------------------------------------------------------------------------------------------------+
; Output Pins                                                                                                                                                                                                                                                                                                                                                                                                                                            ;
+-------+-------+----------+--------------+--------------+--------------+-----------------+------------------------+---------------+-----------+-----------------+------------+---------------+----------+--------------+--------------+------------------+-----------------------------------+---------------------------+----------------------------+-----------------------------+----------------------+----------------------+---------------------+
; Name  ; Pin # ; I/O Bank ; X coordinate ; Y coordinate ; Z coordinate ; Output Register ; Output Enable Register ; Power Up High ; Slew Rate ; PCI I/O Enabled ; Open Drain ; TRI Primitive ; Bus Hold ; Weak Pull Up ; I/O Standard ; Current Strength ; Termination                       ; Termination Control Block ; Output Buffer Pre-emphasis ; Voltage Output Differential ; Location assigned by ; Output Enable Source ; Output Enable Group ;
+-------+-------+----------+--------------+--------------+--------------+-----------------+------------------------+---------------+-----------+-----------------+------------+---------------+----------+--------------+--------------+------------------+-----------------------------------+---------------------------+----------------------------+-----------------------------+----------------------+----------------------+---------------------+
; CS[0] ; 100   ; 6        ; 31           ; 19           ; 7            ; no              ; no                     ; no            ; 2         ; no              ; no         ; no            ; no       ; Off          ; 2.5 V        ; Default          ; Series 50 Ohm without Calibration ; --                        ; no                         ; no                          ; User                 ; -                    ; -                   ;
; MOSI  ; 102   ; 6        ; 31           ; 19           ; 0            ; no              ; no                     ; no            ; 2         ; yes             ; no         ; yes           ; no       ; Off          ; 2.5 V        ; Default          ; Series 50 Ohm without Calibration ; --                        ; no                         ; no                          ; User                 ; -                    ; -                   ;
; SCLK  ; 105   ; 6        ; 31           ; 22           ; 21           ; no              ; no                     ; no            ; 2         ; no              ; no         ; no            ; no       ; Off          ; 2.5 V        ; Default          ; Series 50 Ohm without Calibration ; --                        ; no                         ; no                          ; User                 ; -                    ; -                   ;
; TX    ; 29    ; 2        ; 0            ; 6            ; 21           ; no              ; no                     ; no            ; 2         ; no              ; no         ; no            ; no       ; Off          ; 2.5 V        ; Default          ; Series 50 Ohm without Calibration ; --                        ; no                         ; no                          ; User                 ; -                    ; -                   ;
+-------+-------+----------+--------------+--------------+--------------+-----------------+------------------------+---------------+-----------+-----------------+------------+---------------+----------+--------------+--------------+------------------+-----------------------------------+---------------------------+----------------------------+-----------------------------+----------------------+----------------------+---------------------+


+----------------------------------------------------------------------------------------------------------------------------------------------------------------------------------------------------------------------------------------------------------------------------------------------------------------------------------------------------------------------------------------------------------------------------------------------------------------------------------------------------------------------------------+
; Bidir Pins                                                                                                                                                                                                                                                                                                                                                                                                                                                                                                                       ;
+------+-------+----------+--------------+--------------+--------------+-----------------------+--------------------+--------+----------------+-----------------+------------------------+---------------+-----------+-----------------+------------+----------+--------------+--------------+------------------+-----------------------------------+---------------------------+----------------------------+----------------------+----------------------+-----------------------------------------------------------------------+
; Name ; Pin # ; I/O Bank ; X coordinate ; Y coordinate ; Z coordinate ; Combinational Fan-Out ; Registered Fan-Out ; Global ; Input Register ; Output Register ; Output Enable Register ; Power Up High ; Slew Rate ; PCI I/O Enabled ; Open Drain ; Bus Hold ; Weak Pull Up ; I/O Standard ; Current Strength ; Output Termination                ; Termination Control Block ; Output Buffer Pre-emphasis ; Location assigned by ; Output Enable Source ; Output Enable Group                                                   ;
+------+-------+----------+--------------+--------------+--------------+-----------------------+--------------------+--------+----------------+-----------------+------------------------+---------------+-----------+-----------------+------------+----------+--------------+--------------+------------------+-----------------------------------+---------------------------+----------------------------+----------------------+----------------------+-----------------------------------------------------------------------+
; SCL  ; 27    ; 2        ; 0            ; 7            ; 21           ; 1                     ; 0                  ; no     ; no             ; no              ; no                     ; no            ; 2         ; yes             ; yes        ; no       ; Off          ; 2.5 V        ; Default          ; Series 50 Ohm without Calibration ; --                        ; no                         ; User                 ; 0 pF                 ; SINGLE_SHOT:inst2|ADS1115:U_ADS1115|I2C:U_I2C|SCL~1 (inverted)        ;
; SDA  ; 28    ; 2        ; 0            ; 6            ; 14           ; 8                     ; 0                  ; no     ; no             ; no              ; no                     ; no            ; 2         ; yes             ; yes        ; no       ; Off          ; 2.5 V        ; Default          ; Series 50 Ohm without Calibration ; --                        ; no                         ; User                 ; 0 pF                 ; SINGLE_SHOT:inst2|ADS1115:U_ADS1115|I2C:U_I2C|Selector29~0 (inverted) ;
+------+-------+----------+--------------+--------------+--------------+-----------------------+--------------------+--------+----------------+-----------------+------------------------+---------------+-----------+-----------------+------------+----------+--------------+--------------+------------------+-----------------------------------+---------------------------+----------------------------+----------------------+----------------------+-----------------------------------------------------------------------+


+-----------------------------------------------------------------------------------------------------------------------------------------+
; Dual Purpose and Dedicated Pins                                                                                                         ;
+----------+----------------------------------------------------+--------------------------------+---------------------+------------------+
; Location ; Pin Name                                           ; Reserved As                    ; User Signal Name    ; Pin Type         ;
+----------+----------------------------------------------------+--------------------------------+---------------------+------------------+
; 16       ; DIFFIO_RX_L11n, DIFFOUT_L11n, TMS, Low_Speed       ; Reserved as secondary function ; ~ALTERA_TMS~        ; Dual Purpose Pin ;
; 18       ; DIFFIO_RX_L11p, DIFFOUT_L11p, TCK, Low_Speed       ; Reserved as secondary function ; ~ALTERA_TCK~        ; Dual Purpose Pin ;
; 19       ; DIFFIO_RX_L12n, DIFFOUT_L12n, TDI, Low_Speed       ; Reserved as secondary function ; ~ALTERA_TDI~        ; Dual Purpose Pin ;
; 20       ; DIFFIO_RX_L12p, DIFFOUT_L12p, TDO, Low_Speed       ; Reserved as secondary function ; ~ALTERA_TDO~        ; Dual Purpose Pin ;
; 126      ; CONFIG_SEL, Low_Speed                              ; Reserved as secondary function ; ~ALTERA_CONFIG_SEL~ ; Dual Purpose Pin ;
; 129      ; nCONFIG, Low_Speed                                 ; Reserved as secondary function ; ~ALTERA_nCONFIG~    ; Dual Purpose Pin ;
; 136      ; DIFFIO_RX_T24p, DIFFOUT_T24p, nSTATUS, Low_Speed   ; Reserved as secondary function ; ~ALTERA_nSTATUS~    ; Dual Purpose Pin ;
; 138      ; DIFFIO_RX_T24n, DIFFOUT_T24n, CONF_DONE, Low_Speed ; Reserved as secondary function ; ~ALTERA_CONF_DONE~  ; Dual Purpose Pin ;
+----------+----------------------------------------------------+--------------------------------+---------------------+------------------+


+-----------------------------------------------------------+
; I/O Bank Usage                                            ;
+----------+-----------------+---------------+--------------+
; I/O Bank ; Usage           ; VCCIO Voltage ; VREF Voltage ;
+----------+-----------------+---------------+--------------+
; 1A       ; 0 / 8 ( 0 % )   ; 2.5V          ; --           ;
; 1B       ; 4 / 10 ( 40 % ) ; 2.5V          ; --           ;
; 2        ; 4 / 7 ( 57 % )  ; 2.5V          ; --           ;
; 3        ; 0 / 18 ( 0 % )  ; 2.5V          ; --           ;
; 4        ; 0 / 7 ( 0 % )   ; 2.5V          ; --           ;
; 5        ; 1 / 12 ( 8 % )  ; 2.5V          ; --           ;
; 6        ; 4 / 15 ( 27 % ) ; 2.5V          ; --           ;
; 7        ; 0 / 7 ( 0 % )   ; 2.5V          ; --           ;
; 8        ; 4 / 17 ( 24 % ) ; 2.5V          ; --           ;
+----------+-----------------+---------------+--------------+


+-----------------------------------------------------------------------------------------------------------------------------------------------------------------------------------------+
; All Package Pins                                                                                                                                                                        ;
+----------+------------+----------+------------------------------------------------+--------+-----------------------+-----------+------------+-----------------+----------+--------------+
; Location ; Pad Number ; I/O Bank ; Pin Name/Usage                                 ; Dir.   ; I/O Standard          ; Voltage   ; I/O Type   ; User Assignment ; Bus Hold ; Weak Pull Up ;
+----------+------------+----------+------------------------------------------------+--------+-----------------------+-----------+------------+-----------------+----------+--------------+
; 1        ;            ; --       ; VCC_ONE                                        ; power  ;                       ; 3.0V/3.3V ; --         ;                 ; --       ; --           ;
; 2        ;            ; --       ; VCCA6                                          ; power  ;                       ; 3.0V/3.3V ; --         ;                 ; --       ; --           ;
; 3        ;            ;          ; GND                                            ; gnd    ;                       ;           ; --         ;                 ; --       ; --           ;
; 4        ;            ;          ; GND                                            ; gnd    ;                       ;           ; --         ;                 ; --       ; --           ;
; 5        ;            ; --       ; VCCA3                                          ; power  ;                       ; 3.0V/3.3V ; --         ;                 ; --       ; --           ;
; 6        ; 0          ; 1A       ; RESERVED_INPUT_WITH_WEAK_PULLUP                ;        ;                       ;           ; Row I/O    ;                 ; no       ; On           ;
; 7        ; 2          ; 1A       ; RESERVED_INPUT_WITH_WEAK_PULLUP                ;        ;                       ;           ; Row I/O    ;                 ; no       ; On           ;
; 8        ; 4          ; 1A       ; RESERVED_INPUT_WITH_WEAK_PULLUP                ;        ;                       ;           ; Row I/O    ;                 ; no       ; On           ;
; 9        ;            ; 1A       ; VCCIO1A                                        ; power  ;                       ; 2.5V      ; --         ;                 ; --       ; --           ;
; 10       ; 6          ; 1A       ; RESERVED_INPUT_WITH_WEAK_PULLUP                ;        ;                       ;           ; Row I/O    ;                 ; no       ; On           ;
; 11       ; 8          ; 1A       ; RESERVED_INPUT_WITH_WEAK_PULLUP                ;        ;                       ;           ; Row I/O    ;                 ; no       ; On           ;
; 12       ; 10         ; 1A       ; RESERVED_INPUT_WITH_WEAK_PULLUP                ;        ;                       ;           ; Row I/O    ;                 ; no       ; On           ;
; 13       ; 12         ; 1A       ; RESERVED_INPUT_WITH_WEAK_PULLUP                ;        ;                       ;           ; Row I/O    ;                 ; no       ; On           ;
; 14       ; 14         ; 1A       ; RESERVED_INPUT_WITH_WEAK_PULLUP                ;        ;                       ;           ; Row I/O    ;                 ; no       ; On           ;
; 15       ; 18         ; 1B       ; RESERVED_INPUT_WITH_WEAK_PULLUP                ;        ;                       ;           ; Row I/O    ;                 ; no       ; On           ;
; 16       ; 20         ; 1B       ; ~ALTERA_TMS~ / RESERVED_INPUT_WITH_WEAK_PULLUP ; input  ; 2.5 V Schmitt Trigger ;           ; Row I/O    ; N               ; no       ; On           ;
; 17       ; 21         ; 1B       ; RESERVED_INPUT_WITH_WEAK_PULLUP                ;        ;                       ;           ; Row I/O    ;                 ; --       ; --           ;
; 18       ; 22         ; 1B       ; ~ALTERA_TCK~ / RESERVED_INPUT                  ; input  ; 2.5 V Schmitt Trigger ;           ; Row I/O    ; N               ; no       ; Off          ;
; 19       ; 24         ; 1B       ; ~ALTERA_TDI~ / RESERVED_INPUT_WITH_WEAK_PULLUP ; input  ; 2.5 V Schmitt Trigger ;           ; Row I/O    ; N               ; no       ; On           ;
; 20       ; 26         ; 1B       ; ~ALTERA_TDO~                                   ; output ; 2.5 V                 ;           ; Row I/O    ; N               ; no       ; Off          ;
; 21       ; 28         ; 1B       ; RESERVED_INPUT_WITH_WEAK_PULLUP                ;        ;                       ;           ; Row I/O    ;                 ; no       ; On           ;
; 22       ; 30         ; 1B       ; RESERVED_INPUT_WITH_WEAK_PULLUP                ;        ;                       ;           ; Row I/O    ;                 ; no       ; On           ;
; 23       ;            ; 1B       ; VCCIO1B                                        ; power  ;                       ; 2.5V      ; --         ;                 ; --       ; --           ;
; 24       ; 32         ; 1B       ; RESERVED_INPUT_WITH_WEAK_PULLUP                ;        ;                       ;           ; Row I/O    ;                 ; no       ; On           ;
; 25       ; 34         ; 1B       ; RESERVED_INPUT_WITH_WEAK_PULLUP                ;        ;                       ;           ; Row I/O    ;                 ; no       ; On           ;
; 26       ; 36         ; 2        ; CLK                                            ; input  ; 2.5 V                 ;           ; Row I/O    ; Y               ; no       ; Off          ;
; 27       ; 38         ; 2        ; SCL                                            ; bidir  ; 2.5 V                 ;           ; Row I/O    ; Y               ; no       ; Off          ;
; 28       ; 40         ; 2        ; SDA                                            ; bidir  ; 2.5 V                 ;           ; Row I/O    ; Y               ; no       ; Off          ;
; 29       ; 42         ; 2        ; TX                                             ; output ; 2.5 V                 ;           ; Row I/O    ; Y               ; no       ; Off          ;
; 30       ; 45         ; 2        ; RESERVED_INPUT_WITH_WEAK_PULLUP                ;        ;                       ;           ; Row I/O    ;                 ; --       ; --           ;
; 31       ;            ; 2        ; VCCIO2                                         ; power  ;                       ; 2.5V      ; --         ;                 ; --       ; --           ;
; 32       ; 56         ; 2        ; RESERVED_INPUT_WITH_WEAK_PULLUP                ;        ;                       ;           ; Row I/O    ;                 ; no       ; On           ;
; 33       ; 58         ; 2        ; RESERVED_INPUT_WITH_WEAK_PULLUP                ;        ;                       ;           ; Row I/O    ;                 ; no       ; On           ;
; 34       ;            ; --       ; VCCA2                                          ; power  ;                       ; 3.0V/3.3V ; --         ;                 ; --       ; --           ;
; 35       ;            ; --       ; VCCA1                                          ; power  ;                       ; 3.0V/3.3V ; --         ;                 ; --       ; --           ;
; 36       ;            ; --       ; VCC_ONE                                        ; power  ;                       ; 3.0V/3.3V ; --         ;                 ; --       ; --           ;
; 37       ;            ; --       ; VCC_ONE                                        ; power  ;                       ; 3.0V/3.3V ; --         ;                 ; --       ; --           ;
; 38       ; 60         ; 3        ; RESERVED_INPUT_WITH_WEAK_PULLUP                ;        ;                       ;           ; Column I/O ;                 ; no       ; On           ;
; 39       ; 62         ; 3        ; RESERVED_INPUT_WITH_WEAK_PULLUP                ;        ;                       ;           ; Column I/O ;                 ; no       ; On           ;
; 40       ;            ; 3        ; VCCIO3                                         ; power  ;                       ; 2.5V      ; --         ;                 ; --       ; --           ;
; 41       ; 64         ; 3        ; RESERVED_INPUT_WITH_WEAK_PULLUP                ;        ;                       ;           ; Column I/O ;                 ; no       ; On           ;
; 42       ;            ;          ; GND                                            ; gnd    ;                       ;           ; --         ;                 ; --       ; --           ;
; 43       ; 66         ; 3        ; RESERVED_INPUT_WITH_WEAK_PULLUP                ;        ;                       ;           ; Column I/O ;                 ; no       ; On           ;
; 44       ; 68         ; 3        ; RESERVED_INPUT_WITH_WEAK_PULLUP                ;        ;                       ;           ; Column I/O ;                 ; no       ; On           ;
; 45       ; 70         ; 3        ; RESERVED_INPUT_WITH_WEAK_PULLUP                ;        ;                       ;           ; Column I/O ;                 ; no       ; On           ;
; 46       ; 72         ; 3        ; RESERVED_INPUT_WITH_WEAK_PULLUP                ;        ;                       ;           ; Column I/O ;                 ; no       ; On           ;
; 47       ; 74         ; 3        ; RESERVED_INPUT_WITH_WEAK_PULLUP                ;        ;                       ;           ; Column I/O ;                 ; no       ; On           ;
; 48       ; 77         ; 3        ; RESERVED_INPUT_WITH_WEAK_PULLUP                ;        ;                       ;           ; Column I/O ;                 ; --       ; --           ;
; 49       ;            ; 3        ; VCCIO3                                         ; power  ;                       ; 2.5V      ; --         ;                 ; --       ; --           ;
; 50       ; 76         ; 3        ; RESERVED_INPUT_WITH_WEAK_PULLUP                ;        ;                       ;           ; Column I/O ;                 ; no       ; On           ;
; 51       ;            ; --       ; VCC_ONE                                        ; power  ;                       ; 3.0V/3.3V ; --         ;                 ; --       ; --           ;
; 52       ; 78         ; 3        ; RESERVED_INPUT_WITH_WEAK_PULLUP                ;        ;                       ;           ; Column I/O ;                 ; no       ; On           ;
; 53       ;            ;          ; GND                                            ; gnd    ;                       ;           ; --         ;                 ; --       ; --           ;
; 54       ; 80         ; 3        ; RESERVED_INPUT_WITH_WEAK_PULLUP                ;        ;                       ;           ; Column I/O ;                 ; no       ; On           ;
; 55       ; 84         ; 3        ; RESERVED_INPUT_WITH_WEAK_PULLUP                ;        ;                       ;           ; Column I/O ;                 ; no       ; On           ;
; 56       ; 86         ; 3        ; RESERVED_INPUT_WITH_WEAK_PULLUP                ;        ;                       ;           ; Column I/O ;                 ; no       ; On           ;
; 57       ; 88         ; 3        ; RESERVED_INPUT_WITH_WEAK_PULLUP                ;        ;                       ;           ; Column I/O ;                 ; no       ; On           ;
; 58       ; 90         ; 3        ; RESERVED_INPUT_WITH_WEAK_PULLUP                ;        ;                       ;           ; Column I/O ;                 ; no       ; On           ;
; 59       ; 92         ; 3        ; RESERVED_INPUT_WITH_WEAK_PULLUP                ;        ;                       ;           ; Column I/O ;                 ; no       ; On           ;
; 60       ; 94         ; 3        ; RESERVED_INPUT_WITH_WEAK_PULLUP                ;        ;                       ;           ; Column I/O ;                 ; no       ; On           ;
; 61       ; 101        ; 4        ; RESERVED_INPUT_WITH_WEAK_PULLUP                ;        ;                       ;           ; Column I/O ;                 ; --       ; --           ;
; 62       ; 102        ; 4        ; RESERVED_INPUT_WITH_WEAK_PULLUP                ;        ;                       ;           ; Column I/O ;                 ; no       ; On           ;
; 63       ;            ;          ; GND                                            ; gnd    ;                       ;           ; --         ;                 ; --       ; --           ;
; 64       ; 108        ; 4        ; RESERVED_INPUT_WITH_WEAK_PULLUP                ;        ;                       ;           ; Column I/O ;                 ; no       ; On           ;
; 65       ; 110        ; 4        ; RESERVED_INPUT_WITH_WEAK_PULLUP                ;        ;                       ;           ; Column I/O ;                 ; no       ; On           ;
; 66       ; 112        ; 4        ; RESERVED_INPUT_WITH_WEAK_PULLUP                ;        ;                       ;           ; Column I/O ;                 ; no       ; On           ;
; 67       ;            ; 4        ; VCCIO4                                         ; power  ;                       ; 2.5V      ; --         ;                 ; --       ; --           ;
; 68       ;            ;          ; GND                                            ; gnd    ;                       ;           ; --         ;                 ; --       ; --           ;
; 69       ; 116        ; 4        ; RESERVED_INPUT_WITH_WEAK_PULLUP                ;        ;                       ;           ; Column I/O ;                 ; no       ; On           ;
; 70       ; 118        ; 4        ; RESERVED_INPUT_WITH_WEAK_PULLUP                ;        ;                       ;           ; Column I/O ;                 ; no       ; On           ;
; 71       ;            ; --       ; VCCA5                                          ; power  ;                       ; 3.0V/3.3V ; --         ;                 ; --       ; --           ;
; 72       ;            ; --       ; VCC_ONE                                        ; power  ;                       ; 3.0V/3.3V ; --         ;                 ; --       ; --           ;
; 73       ;            ; --       ; VCC_ONE                                        ; power  ;                       ; 3.0V/3.3V ; --         ;                 ; --       ; --           ;
; 74       ; 121        ; 5        ; RESET                                          ; input  ; 2.5 V                 ;           ; Row I/O    ; Y               ; no       ; Off          ;
; 75       ; 120        ; 5        ; RESERVED_INPUT_WITH_WEAK_PULLUP                ;        ;                       ;           ; Row I/O    ;                 ; no       ; On           ;
; 76       ; 123        ; 5        ; RESERVED_INPUT_WITH_WEAK_PULLUP                ;        ;                       ;           ; Row I/O    ;                 ; no       ; On           ;
; 77       ; 122        ; 5        ; RESERVED_INPUT_WITH_WEAK_PULLUP                ;        ;                       ;           ; Row I/O    ;                 ; no       ; On           ;
; 78       ; 133        ; 5        ; RESERVED_INPUT_WITH_WEAK_PULLUP                ;        ;                       ;           ; Row I/O    ;                 ; no       ; On           ;
; 79       ; 132        ; 5        ; RESERVED_INPUT_WITH_WEAK_PULLUP                ;        ;                       ;           ; Row I/O    ;                 ; no       ; On           ;
; 80       ; 135        ; 5        ; RESERVED_INPUT_WITH_WEAK_PULLUP                ;        ;                       ;           ; Row I/O    ;                 ; --       ; --           ;
; 81       ; 134        ; 5        ; RESERVED_INPUT_WITH_WEAK_PULLUP                ;        ;                       ;           ; Row I/O    ;                 ; no       ; On           ;
; 82       ;            ; 5        ; VCCIO5                                         ; power  ;                       ; 2.5V      ; --         ;                 ; --       ; --           ;
; 83       ;            ;          ; GND                                            ; gnd    ;                       ;           ; --         ;                 ; --       ; --           ;
; 84       ; 141        ; 5        ; RESERVED_INPUT_WITH_WEAK_PULLUP                ;        ;                       ;           ; Row I/O    ;                 ; no       ; On           ;
; 85       ; 140        ; 5        ; RESERVED_INPUT_WITH_WEAK_PULLUP                ;        ;                       ;           ; Row I/O    ;                 ; no       ; On           ;
; 86       ; 143        ; 5        ; RESERVED_INPUT_WITH_WEAK_PULLUP                ;        ;                       ;           ; Row I/O    ;                 ; no       ; On           ;
; 87       ; 142        ; 5        ; RESERVED_INPUT_WITH_WEAK_PULLUP                ;        ;                       ;           ; Row I/O    ;                 ; no       ; On           ;
; 88       ; 148        ; 6        ; RESERVED_INPUT_WITH_WEAK_PULLUP                ;        ;                       ;           ; Row I/O    ;                 ; no       ; On           ;
; 89       ; 150        ; 6        ; RESERVED_INPUT_WITH_WEAK_PULLUP                ;        ;                       ;           ; Row I/O    ;                 ; no       ; On           ;
; 90       ; 152        ; 6        ; RESERVED_INPUT_WITH_WEAK_PULLUP                ;        ;                       ;           ; Row I/O    ;                 ; no       ; On           ;
; 91       ; 154        ; 6        ; RESERVED_INPUT_WITH_WEAK_PULLUP                ;        ;                       ;           ; Row I/O    ;                 ; no       ; On           ;
; 92       ; 156        ; 6        ; RESERVED_INPUT_WITH_WEAK_PULLUP                ;        ;                       ;           ; Row I/O    ;                 ; no       ; On           ;
; 93       ; 158        ; 6        ; RESERVED_INPUT_WITH_WEAK_PULLUP                ;        ;                       ;           ; Row I/O    ;                 ; no       ; On           ;
; 94       ;            ; 6        ; VCCIO6                                         ; power  ;                       ; 2.5V      ; --         ;                 ; --       ; --           ;
; 95       ;            ;          ; GND                                            ; gnd    ;                       ;           ; --         ;                 ; --       ; --           ;
; 96       ; 172        ; 6        ; RESERVED_INPUT_WITH_WEAK_PULLUP                ;        ;                       ;           ; Row I/O    ;                 ; no       ; On           ;
; 97       ; 173        ; 6        ; RESERVED_INPUT_WITH_WEAK_PULLUP                ;        ;                       ;           ; Row I/O    ;                 ; --       ; --           ;
; 98       ; 174        ; 6        ; RESERVED_INPUT_WITH_WEAK_PULLUP                ;        ;                       ;           ; Row I/O    ;                 ; no       ; On           ;
; 99       ; 176        ; 6        ; RESERVED_INPUT_WITH_WEAK_PULLUP                ;        ;                       ;           ; Row I/O    ;                 ; no       ; On           ;
; 100      ; 177        ; 6        ; CS[0]                                          ; output ; 2.5 V                 ;           ; Row I/O    ; Y               ; no       ; Off          ;
; 101      ; 178        ; 6        ; MISO                                           ; input  ; 2.5 V                 ;           ; Row I/O    ; Y               ; no       ; Off          ;
; 102      ; 179        ; 6        ; MOSI                                           ; output ; 2.5 V                 ;           ; Row I/O    ; Y               ; no       ; Off          ;
; 103      ;            ; 6        ; VCCIO6                                         ; power  ;                       ; 2.5V      ; --         ;                 ; --       ; --           ;
; 104      ;            ;          ; GND                                            ; gnd    ;                       ;           ; --         ;                 ; --       ; --           ;
; 105      ; 188        ; 6        ; SCLK                                           ; output ; 2.5 V                 ;           ; Row I/O    ; Y               ; no       ; Off          ;
; 106      ; 190        ; 6        ; RESERVED_INPUT_WITH_WEAK_PULLUP                ;        ;                       ;           ; Row I/O    ;                 ; no       ; On           ;
; 107      ;            ; --       ; VCCA3                                          ; power  ;                       ; 3.0V/3.3V ; --         ;                 ; --       ; --           ;
; 108      ;            ; --       ; VCC_ONE                                        ; power  ;                       ; 3.0V/3.3V ; --         ;                 ; --       ; --           ;
; 109      ;            ; --       ; VCC_ONE                                        ; power  ;                       ; 3.0V/3.3V ; --         ;                 ; --       ; --           ;
; 110      ; 192        ; 7        ; RESERVED_INPUT_WITH_WEAK_PULLUP                ;        ;                       ;           ; Column I/O ;                 ; no       ; On           ;
; 111      ; 194        ; 7        ; RESERVED_INPUT_WITH_WEAK_PULLUP                ;        ;                       ;           ; Column I/O ;                 ; no       ; On           ;
; 112      ; 199        ; 7        ; RESERVED_INPUT_WITH_WEAK_PULLUP                ;        ;                       ;           ; Column I/O ;                 ; --       ; --           ;
; 113      ; 202        ; 7        ; RESERVED_INPUT_WITH_WEAK_PULLUP                ;        ;                       ;           ; Column I/O ;                 ; no       ; On           ;
; 114      ; 204        ; 7        ; RESERVED_INPUT_WITH_WEAK_PULLUP                ;        ;                       ;           ; Column I/O ;                 ; no       ; On           ;
; 115      ;            ; --       ; VCC_ONE                                        ; power  ;                       ; 3.0V/3.3V ; --         ;                 ; --       ; --           ;
; 116      ;            ;          ; GND                                            ; gnd    ;                       ;           ; --         ;                 ; --       ; --           ;
; 117      ;            ; 7        ; VCCIO7                                         ; power  ;                       ; 2.5V      ; --         ;                 ; --       ; --           ;
; 118      ; 212        ; 7        ; RESERVED_INPUT_WITH_WEAK_PULLUP                ;        ;                       ;           ; Column I/O ;                 ; no       ; On           ;
; 119      ; 214        ; 7        ; RESERVED_INPUT_WITH_WEAK_PULLUP                ;        ;                       ;           ; Column I/O ;                 ; no       ; On           ;
; 120      ; 224        ; 8        ; RESERVED_INPUT_WITH_WEAK_PULLUP                ;        ;                       ;           ; Column I/O ;                 ; no       ; On           ;
; 121      ; 226        ; 8        ; RESERVED_INPUT_WITH_WEAK_PULLUP                ;        ;                       ;           ; Column I/O ;                 ; no       ; On           ;
; 122      ; 228        ; 8        ; RESERVED_INPUT_WITH_WEAK_PULLUP                ;        ;                       ;           ; Column I/O ;                 ; no       ; On           ;
; 123      ; 231        ; 8        ; RESERVED_INPUT_WITH_WEAK_PULLUP                ;        ;                       ;           ; Column I/O ;                 ; --       ; --           ;
; 124      ; 233        ; 8        ; RESERVED_INPUT_WITH_WEAK_PULLUP                ;        ;                       ;           ; Column I/O ;                 ; no       ; On           ;
; 125      ;            ;          ; GND                                            ; gnd    ;                       ;           ; --         ;                 ; --       ; --           ;
; 126      ; 232        ; 8        ; ~ALTERA_CONFIG_SEL~ / RESERVED_INPUT           ; input  ; 2.5 V                 ;           ; Column I/O ; N               ; no       ; Off          ;
; 127      ; 235        ; 8        ; RESERVED_INPUT_WITH_WEAK_PULLUP                ;        ;                       ;           ; Column I/O ;                 ; no       ; On           ;
; 128      ;            ; 8        ; VCCIO8                                         ; power  ;                       ; 2.5V      ; --         ;                 ; --       ; --           ;
; 129      ; 234        ; 8        ; ~ALTERA_nCONFIG~ / RESERVED_INPUT              ; input  ; 2.5 V Schmitt Trigger ;           ; Column I/O ; N               ; no       ; Off          ;
; 130      ; 236        ; 8        ; RESERVED_INPUT_WITH_WEAK_PULLUP                ;        ;                       ;           ; Column I/O ;                 ; no       ; On           ;
; 131      ; 238        ; 8        ; RESERVED_INPUT_WITH_WEAK_PULLUP                ;        ;                       ;           ; Column I/O ;                 ; no       ; On           ;
; 132      ; 240        ; 8        ; RESERVED_INPUT_WITH_WEAK_PULLUP                ;        ;                       ;           ; Column I/O ;                 ; no       ; On           ;
; 133      ;            ;          ; GND                                            ; gnd    ;                       ;           ; --         ;                 ; --       ; --           ;
; 134      ; 242        ; 8        ; RESERVED_INPUT_WITH_WEAK_PULLUP                ;        ;                       ;           ; Column I/O ;                 ; no       ; On           ;
; 135      ; 243        ; 8        ; RESERVED_INPUT_WITH_WEAK_PULLUP                ;        ;                       ;           ; Column I/O ;                 ; no       ; On           ;
; 136      ; 244        ; 8        ; ~ALTERA_nSTATUS~ / RESERVED_INPUT              ; input  ; 2.5 V Schmitt Trigger ;           ; Column I/O ; N               ; no       ; Off          ;
; 137      ;            ;          ; GND                                            ; gnd    ;                       ;           ; --         ;                 ; --       ; --           ;
; 138      ; 246        ; 8        ; ~ALTERA_CONF_DONE~ / RESERVED_INPUT            ; input  ; 2.5 V Schmitt Trigger ;           ; Column I/O ; N               ; no       ; Off          ;
; 139      ;            ; 8        ; VCCIO8                                         ; power  ;                       ; 2.5V      ; --         ;                 ; --       ; --           ;
; 140      ; 248        ; 8        ; RESERVED_INPUT_WITH_WEAK_PULLUP                ;        ;                       ;           ; Column I/O ;                 ; no       ; On           ;
; 141      ; 250        ; 8        ; RESERVED_INPUT_WITH_WEAK_PULLUP                ;        ;                       ;           ; Column I/O ;                 ; no       ; On           ;
; 142      ;            ;          ; GND                                            ; gnd    ;                       ;           ; --         ;                 ; --       ; --           ;
; 143      ;            ; --       ; VCCA4                                          ; power  ;                       ; 3.0V/3.3V ; --         ;                 ; --       ; --           ;
; 144      ;            ; --       ; VCC_ONE                                        ; power  ;                       ; 3.0V/3.3V ; --         ;                 ; --       ; --           ;
+----------+------------+----------+------------------------------------------------+--------+-----------------------+-----------+------------+-----------------+----------+--------------+
Note: Pin directions (input, output or bidir) are based on device operating in user mode.


+------------------------------------------+
; I/O Assignment Warnings                  ;
+----------+-------------------------------+
; Pin Name ; Reason                        ;
+----------+-------------------------------+
; MOSI     ; Incomplete set of assignments ;
; SCLK     ; Incomplete set of assignments ;
; TX       ; Incomplete set of assignments ;
; CS[0]    ; Incomplete set of assignments ;
; SDA      ; Incomplete set of assignments ;
; SCL      ; Incomplete set of assignments ;
; CLK      ; Incomplete set of assignments ;
; RESET    ; Incomplete set of assignments ;
; MISO     ; Incomplete set of assignments ;
+----------+-------------------------------+


+---------------------------------------------------------------------------------------------------------------------------------------------------------------------------------------------------------------------------------------------------------------------------------------------------------------------------------------------------------------------------------------------------------------------------------------------------------------------------------------+
; Fitter Resource Utilization by Entity                                                                                                                                                                                                                                                                                                                                                                                                                                                 ;
+---------------------------------------------+-------------+---------------------------+---------------+-------------+------+------------+--------------+---------+-----------+------+--------------+--------------+-------------------+------------------+------------+---------------------------------------------------------------------------------------------------------------------------------------------------------------------------+--------------------+--------------+
; Compilation Hierarchy Node                  ; Logic Cells ; Dedicated Logic Registers ; I/O Registers ; Memory Bits ; M9Ks ; UFM Blocks ; DSP Elements ; DSP 9x9 ; DSP 18x18 ; Pins ; Virtual Pins ; LUT-Only LCs ; Register-Only LCs ; LUT/Register LCs ; ADC blocks ; Full Hierarchy Name                                                                                                                                                       ; Entity Name        ; Library Name ;
+---------------------------------------------+-------------+---------------------------+---------------+-------------+------+------------+--------------+---------+-----------+------+--------------+--------------+-------------------+------------------+------------+---------------------------------------------------------------------------------------------------------------------------------------------------------------------------+--------------------+--------------+
; |I2C_SPI_UART_BLOCK                         ; 1052 (1)    ; 669 (0)                   ; 0 (0)         ; 1024        ; 1    ; 1          ; 0            ; 0       ; 0         ; 9    ; 0            ; 383 (1)      ; 220 (0)           ; 449 (0)          ; 0          ; |I2C_SPI_UART_BLOCK                                                                                                                                                       ; I2C_SPI_UART_BLOCK ; work         ;
;    |ADXL345:inst1|                          ; 373 (118)   ; 237 (96)                  ; 0 (0)         ; 0           ; 0    ; 0          ; 0            ; 0       ; 0         ; 0    ; 0            ; 136 (22)     ; 80 (53)           ; 157 (43)         ; 0          ; |I2C_SPI_UART_BLOCK|ADXL345:inst1                                                                                                                                         ; ADXL345            ; work         ;
;       |SPI_DRIVER:SPI_DRIVER_INST|          ; 255 (120)   ; 141 (71)                  ; 0 (0)         ; 0           ; 0    ; 0          ; 0            ; 0       ; 0         ; 0    ; 0            ; 114 (49)     ; 27 (10)           ; 114 (61)         ; 0          ; |I2C_SPI_UART_BLOCK|ADXL345:inst1|SPI_DRIVER:SPI_DRIVER_INST                                                                                                              ; SPI_DRIVER         ; work         ;
;          |SPI:SPI_INST|                     ; 135 (135)   ; 70 (70)                   ; 0 (0)         ; 0           ; 0    ; 0          ; 0            ; 0       ; 0         ; 0    ; 0            ; 65 (65)      ; 17 (17)           ; 53 (53)          ; 0          ; |I2C_SPI_UART_BLOCK|ADXL345:inst1|SPI_DRIVER:SPI_DRIVER_INST|SPI:SPI_INST                                                                                                 ; SPI                ; work         ;
;    |I2C_SPI_UART:inst|                      ; 348 (316)   ; 246 (223)                 ; 0 (0)         ; 1024        ; 1    ; 0          ; 0            ; 0       ; 0         ; 0    ; 0            ; 102 (93)     ; 101 (101)         ; 145 (122)        ; 0          ; |I2C_SPI_UART_BLOCK|I2C_SPI_UART:inst                                                                                                                                     ; I2C_SPI_UART       ; work         ;
;       |FIFO:FIFO_inst|                      ; 32 (0)      ; 23 (0)                    ; 0 (0)         ; 1024        ; 1    ; 0          ; 0            ; 0       ; 0         ; 0    ; 0            ; 9 (0)        ; 0 (0)             ; 23 (0)           ; 0          ; |I2C_SPI_UART_BLOCK|I2C_SPI_UART:inst|FIFO:FIFO_inst                                                                                                                      ; FIFO               ; work         ;
;          |scfifo:scfifo_component|          ; 32 (0)      ; 23 (0)                    ; 0 (0)         ; 1024        ; 1    ; 0          ; 0            ; 0       ; 0         ; 0    ; 0            ; 9 (0)        ; 0 (0)             ; 23 (0)           ; 0          ; |I2C_SPI_UART_BLOCK|I2C_SPI_UART:inst|FIFO:FIFO_inst|scfifo:scfifo_component                                                                                              ; scfifo             ; work         ;
;             |scfifo_ep11:auto_generated|    ; 32 (0)      ; 23 (0)                    ; 0 (0)         ; 1024        ; 1    ; 0          ; 0            ; 0       ; 0         ; 0    ; 0            ; 9 (0)        ; 0 (0)             ; 23 (0)           ; 0          ; |I2C_SPI_UART_BLOCK|I2C_SPI_UART:inst|FIFO:FIFO_inst|scfifo:scfifo_component|scfifo_ep11:auto_generated                                                                   ; scfifo_ep11        ; work         ;
;                |a_dpfifo_lv11:dpfifo|       ; 32 (0)      ; 23 (0)                    ; 0 (0)         ; 1024        ; 1    ; 0          ; 0            ; 0       ; 0         ; 0    ; 0            ; 9 (0)        ; 0 (0)             ; 23 (0)           ; 0          ; |I2C_SPI_UART_BLOCK|I2C_SPI_UART:inst|FIFO:FIFO_inst|scfifo:scfifo_component|scfifo_ep11:auto_generated|a_dpfifo_lv11:dpfifo                                              ; a_dpfifo_lv11      ; work         ;
;                   |a_fefifo_u7e:fifo_state| ; 18 (11)     ; 9 (2)                     ; 0 (0)         ; 0           ; 0    ; 0          ; 0            ; 0       ; 0         ; 0    ; 0            ; 9 (9)        ; 0 (0)             ; 9 (2)            ; 0          ; |I2C_SPI_UART_BLOCK|I2C_SPI_UART:inst|FIFO:FIFO_inst|scfifo:scfifo_component|scfifo_ep11:auto_generated|a_dpfifo_lv11:dpfifo|a_fefifo_u7e:fifo_state                      ; a_fefifo_u7e       ; work         ;
;                      |cntr_437:count_usedw| ; 7 (7)       ; 7 (7)                     ; 0 (0)         ; 0           ; 0    ; 0          ; 0            ; 0       ; 0         ; 0    ; 0            ; 0 (0)        ; 0 (0)             ; 7 (7)            ; 0          ; |I2C_SPI_UART_BLOCK|I2C_SPI_UART:inst|FIFO:FIFO_inst|scfifo:scfifo_component|scfifo_ep11:auto_generated|a_dpfifo_lv11:dpfifo|a_fefifo_u7e:fifo_state|cntr_437:count_usedw ; cntr_437           ; work         ;
;                   |altsyncram_cvl1:FIFOram| ; 0 (0)       ; 0 (0)                     ; 0 (0)         ; 1024        ; 1    ; 0          ; 0            ; 0       ; 0         ; 0    ; 0            ; 0 (0)        ; 0 (0)             ; 0 (0)            ; 0          ; |I2C_SPI_UART_BLOCK|I2C_SPI_UART:inst|FIFO:FIFO_inst|scfifo:scfifo_component|scfifo_ep11:auto_generated|a_dpfifo_lv11:dpfifo|altsyncram_cvl1:FIFOram                      ; altsyncram_cvl1    ; work         ;
;                   |cntr_o2b:rd_ptr_count|   ; 7 (7)       ; 7 (7)                     ; 0 (0)         ; 0           ; 0    ; 0          ; 0            ; 0       ; 0         ; 0    ; 0            ; 0 (0)        ; 0 (0)             ; 7 (7)            ; 0          ; |I2C_SPI_UART_BLOCK|I2C_SPI_UART:inst|FIFO:FIFO_inst|scfifo:scfifo_component|scfifo_ep11:auto_generated|a_dpfifo_lv11:dpfifo|cntr_o2b:rd_ptr_count                        ; cntr_o2b           ; work         ;
;                   |cntr_o2b:wr_ptr|         ; 7 (7)       ; 7 (7)                     ; 0 (0)         ; 0           ; 0    ; 0          ; 0            ; 0       ; 0         ; 0    ; 0            ; 0 (0)        ; 0 (0)             ; 7 (7)            ; 0          ; |I2C_SPI_UART_BLOCK|I2C_SPI_UART:inst|FIFO:FIFO_inst|scfifo:scfifo_component|scfifo_ep11:auto_generated|a_dpfifo_lv11:dpfifo|cntr_o2b:wr_ptr                              ; cntr_o2b           ; work         ;
;    |SINGLE_SHOT:inst2|                      ; 220 (6)     ; 120 (5)                   ; 0 (0)         ; 0           ; 0    ; 0          ; 0            ; 0       ; 0         ; 0    ; 0            ; 100 (1)      ; 25 (0)            ; 95 (5)           ; 0          ; |I2C_SPI_UART_BLOCK|SINGLE_SHOT:inst2                                                                                                                                     ; SINGLE_SHOT        ; work         ;
;       |ADS1115:U_ADS1115|                   ; 214 (100)   ; 115 (66)                  ; 0 (0)         ; 0           ; 0    ; 0          ; 0            ; 0       ; 0         ; 0    ; 0            ; 99 (34)      ; 25 (16)           ; 90 (50)          ; 0          ; |I2C_SPI_UART_BLOCK|SINGLE_SHOT:inst2|ADS1115:U_ADS1115                                                                                                                   ; ADS1115            ; work         ;
;          |I2C:U_I2C|                        ; 114 (114)   ; 49 (49)                   ; 0 (0)         ; 0           ; 0    ; 0          ; 0            ; 0       ; 0         ; 0    ; 0            ; 65 (65)      ; 9 (9)             ; 40 (40)          ; 0          ; |I2C_SPI_UART_BLOCK|SINGLE_SHOT:inst2|ADS1115:U_ADS1115|I2C:U_I2C                                                                                                         ; I2C                ; work         ;
;    |UART:inst6|                             ; 110 (18)    ; 66 (15)                   ; 0 (0)         ; 0           ; 0    ; 0          ; 0            ; 0       ; 0         ; 0    ; 0            ; 44 (3)       ; 14 (8)            ; 52 (7)           ; 0          ; |I2C_SPI_UART_BLOCK|UART:inst6                                                                                                                                            ; UART               ; work         ;
;       |BAUD_GEN:BAUD_GEN_INST|              ; 65 (65)     ; 33 (33)                   ; 0 (0)         ; 0           ; 0    ; 0          ; 0            ; 0       ; 0         ; 0    ; 0            ; 32 (32)      ; 0 (0)             ; 33 (33)          ; 0          ; |I2C_SPI_UART_BLOCK|UART:inst6|BAUD_GEN:BAUD_GEN_INST                                                                                                                     ; BAUD_GEN           ; work         ;
;       |UART_TX:UART_TX_INST|                ; 27 (27)     ; 18 (18)                   ; 0 (0)         ; 0           ; 0    ; 0          ; 0            ; 0       ; 0         ; 0    ; 0            ; 9 (9)        ; 6 (6)             ; 12 (12)          ; 0          ; |I2C_SPI_UART_BLOCK|UART:inst6|UART_TX:UART_TX_INST                                                                                                                       ; UART_TX            ; work         ;
+---------------------------------------------+-------------+---------------------------+---------------+-------------+------+------------+--------------+---------+-----------+------+--------------+--------------+-------------------+------------------+------------+---------------------------------------------------------------------------------------------------------------------------------------------------------------------------+--------------------+--------------+
Note: For table entries with two numbers listed, the numbers in parentheses indicate the number of resources of the given type used by the specific entity alone. The numbers listed outside of parentheses indicate the total resources of the given type used by the specific entity and all of its sub-entities in the hierarchy.


+---------------------------------------------------------------------------------------+
; Delay Chain Summary                                                                   ;
+-------+----------+---------------+---------------+-----------------------+-----+------+
; Name  ; Pin Type ; Pad to Core 0 ; Pad to Core 1 ; Pad to Input Register ; TCO ; TCOE ;
+-------+----------+---------------+---------------+-----------------------+-----+------+
; MOSI  ; Output   ; --            ; --            ; --                    ; --  ; --   ;
; SCLK  ; Output   ; --            ; --            ; --                    ; --  ; --   ;
; TX    ; Output   ; --            ; --            ; --                    ; --  ; --   ;
; CS[0] ; Output   ; --            ; --            ; --                    ; --  ; --   ;
; SDA   ; Bidir    ; (0) 0 ps      ; --            ; --                    ; --  ; --   ;
; SCL   ; Bidir    ; --            ; (0) 0 ps      ; --                    ; --  ; --   ;
; CLK   ; Input    ; (0) 0 ps      ; --            ; --                    ; --  ; --   ;
; RESET ; Input    ; --            ; (6) 873 ps    ; --                    ; --  ; --   ;
; MISO  ; Input    ; (6) 873 ps    ; --            ; --                    ; --  ; --   ;
+-------+----------+---------------+---------------+-----------------------+-----+------+


+------------------------------------------------------------------------------------------------------------------------------------------------------------------------------------+
; Pad To Core Delay Chain Fanout                                                                                                                                                     ;
+------------------------------------------------------------------------------------------------------------------------------------------------------+-------------------+---------+
; Source Pin / Fanout                                                                                                                                  ; Pad To Core Index ; Setting ;
+------------------------------------------------------------------------------------------------------------------------------------------------------+-------------------+---------+
; SDA                                                                                                                                                  ;                   ;         ;
;      - SINGLE_SHOT:inst2|ADS1115:U_ADS1115|I2C:U_I2C|DATA_RX[6]~0                                                                                    ; 0                 ; 0       ;
;      - SINGLE_SHOT:inst2|ADS1115:U_ADS1115|I2C:U_I2C|DATA_RX[5]~1                                                                                    ; 0                 ; 0       ;
;      - SINGLE_SHOT:inst2|ADS1115:U_ADS1115|I2C:U_I2C|DATA_RX[4]~2                                                                                    ; 0                 ; 0       ;
;      - SINGLE_SHOT:inst2|ADS1115:U_ADS1115|I2C:U_I2C|DATA_RX[7]~3                                                                                    ; 0                 ; 0       ;
;      - SINGLE_SHOT:inst2|ADS1115:U_ADS1115|I2C:U_I2C|DATA_RX[2]~4                                                                                    ; 0                 ; 0       ;
;      - SINGLE_SHOT:inst2|ADS1115:U_ADS1115|I2C:U_I2C|DATA_RX[1]~5                                                                                    ; 0                 ; 0       ;
;      - SINGLE_SHOT:inst2|ADS1115:U_ADS1115|I2C:U_I2C|DATA_RX[0]~6                                                                                    ; 0                 ; 0       ;
;      - SINGLE_SHOT:inst2|ADS1115:U_ADS1115|I2C:U_I2C|DATA_RX[3]~7                                                                                    ; 0                 ; 0       ;
; SCL                                                                                                                                                  ;                   ;         ;
;      - SINGLE_SHOT:inst2|ADS1115:U_ADS1115|I2C:U_I2C|STRETCHED~0                                                                                     ; 1                 ; 0       ;
; CLK                                                                                                                                                  ;                   ;         ;
; RESET                                                                                                                                                ;                   ;         ;
;      - ADXL345:inst1|SPI_DRIVER:SPI_DRIVER_INST|SPI:SPI_INST|MOSI~en                                                                                 ; 1                 ; 6       ;
;      - ADXL345:inst1|SPI_DRIVER:SPI_DRIVER_INST|SPI:SPI_INST|SCLK                                                                                    ; 1                 ; 6       ;
;      - UART:inst6|BAUD_GEN:BAUD_GEN_INST|TICK                                                                                                        ; 1                 ; 6       ;
;      - ADXL345:inst1|SPI_DRIVER:SPI_DRIVER_INST|SPI:SPI_INST|BUSY                                                                                    ; 1                 ; 6       ;
;      - ADXL345:inst1|SPI_DRIVER:SPI_DRIVER_INST|SPI:SPI_INST|STATE                                                                                   ; 1                 ; 6       ;
;      - ADXL345:inst1|SPI_DRIVER:SPI_DRIVER_INST|RX_VALID                                                                                             ; 1                 ; 6       ;
;      - ADXL345:inst1|SPI_DRIVER:SPI_DRIVER_INST|SPI:SPI_INST|FLAG                                                                                    ; 1                 ; 6       ;
;      - ADXL345:inst1|SPI_DRIVER:SPI_DRIVER_INST|SPI_FIRE                                                                                             ; 1                 ; 6       ;
;      - I2C_SPI_UART:inst|CHECKSUM_ACC[7]                                                                                                             ; 1                 ; 6       ;
;      - I2C_SPI_UART:inst|CHECKSUM_ACC[6]                                                                                                             ; 1                 ; 6       ;
;      - I2C_SPI_UART:inst|CHECKSUM_ACC[5]                                                                                                             ; 1                 ; 6       ;
;      - I2C_SPI_UART:inst|CHECKSUM_ACC[4]                                                                                                             ; 1                 ; 6       ;
;      - I2C_SPI_UART:inst|CHECKSUM_ACC[3]                                                                                                             ; 1                 ; 6       ;
;      - I2C_SPI_UART:inst|CHECKSUM_ACC[2]                                                                                                             ; 1                 ; 6       ;
;      - I2C_SPI_UART:inst|CHECKSUM_ACC[1]                                                                                                             ; 1                 ; 6       ;
;      - I2C_SPI_UART:inst|CHECKSUM_ACC[0]                                                                                                             ; 1                 ; 6       ;
;      - ADXL345:inst1|REG_ADDR[4]                                                                                                                     ; 1                 ; 6       ;
;      - ADXL345:inst1|REG_ADDR[2]                                                                                                                     ; 1                 ; 6       ;
;      - ADXL345:inst1|REG_ADDR[0]                                                                                                                     ; 1                 ; 6       ;
;      - ADXL345:inst1|DELAY[4]                                                                                                                        ; 1                 ; 6       ;
;      - ADXL345:inst1|DELAY[5]                                                                                                                        ; 1                 ; 6       ;
;      - ADXL345:inst1|DELAY[6]                                                                                                                        ; 1                 ; 6       ;
;      - ADXL345:inst1|DELAY[7]                                                                                                                        ; 1                 ; 6       ;
;      - ADXL345:inst1|DELAY[8]                                                                                                                        ; 1                 ; 6       ;
;      - ADXL345:inst1|DELAY[9]                                                                                                                        ; 1                 ; 6       ;
;      - ADXL345:inst1|DELAY[10]                                                                                                                       ; 1                 ; 6       ;
;      - ADXL345:inst1|DELAY[11]                                                                                                                       ; 1                 ; 6       ;
;      - ADXL345:inst1|DELAY[12]                                                                                                                       ; 1                 ; 6       ;
;      - ADXL345:inst1|DELAY[13]                                                                                                                       ; 1                 ; 6       ;
;      - ADXL345:inst1|DELAY[14]                                                                                                                       ; 1                 ; 6       ;
;      - ADXL345:inst1|DELAY[15]                                                                                                                       ; 1                 ; 6       ;
;      - ADXL345:inst1|DELAY[16]                                                                                                                       ; 1                 ; 6       ;
;      - ADXL345:inst1|DELAY[17]                                                                                                                       ; 1                 ; 6       ;
;      - ADXL345:inst1|DELAY[18]                                                                                                                       ; 1                 ; 6       ;
;      - ADXL345:inst1|DELAY[19]                                                                                                                       ; 1                 ; 6       ;
;      - SINGLE_SHOT:inst2|ADS1115:U_ADS1115|WAIT_COUNT[31]                                                                                            ; 1                 ; 6       ;
;      - SINGLE_SHOT:inst2|ADS1115:U_ADS1115|WAIT_COUNT[18]                                                                                            ; 1                 ; 6       ;
;      - SINGLE_SHOT:inst2|ADS1115:U_ADS1115|WAIT_COUNT[17]                                                                                            ; 1                 ; 6       ;
;      - SINGLE_SHOT:inst2|ADS1115:U_ADS1115|WAIT_COUNT[16]                                                                                            ; 1                 ; 6       ;
;      - SINGLE_SHOT:inst2|ADS1115:U_ADS1115|WAIT_COUNT[13]                                                                                            ; 1                 ; 6       ;
;      - SINGLE_SHOT:inst2|ADS1115:U_ADS1115|WAIT_COUNT[10]                                                                                            ; 1                 ; 6       ;
;      - SINGLE_SHOT:inst2|ADS1115:U_ADS1115|WAIT_COUNT[9]                                                                                             ; 1                 ; 6       ;
;      - SINGLE_SHOT:inst2|ADS1115:U_ADS1115|WAIT_COUNT[8]                                                                                             ; 1                 ; 6       ;
;      - SINGLE_SHOT:inst2|ADS1115:U_ADS1115|WAIT_COUNT[3]                                                                                             ; 1                 ; 6       ;
;      - SINGLE_SHOT:inst2|ADS1115:U_ADS1115|WAIT_COUNT[2]                                                                                             ; 1                 ; 6       ;
;      - SINGLE_SHOT:inst2|ADS1115:U_ADS1115|WAIT_COUNT[1]                                                                                             ; 1                 ; 6       ;
;      - SINGLE_SHOT:inst2|ADS1115:U_ADS1115|WAIT_COUNT[0]                                                                                             ; 1                 ; 6       ;
;      - SINGLE_SHOT:inst2|ADS1115:U_ADS1115|WAIT_COUNT[4]                                                                                             ; 1                 ; 6       ;
;      - SINGLE_SHOT:inst2|ADS1115:U_ADS1115|WAIT_COUNT[5]                                                                                             ; 1                 ; 6       ;
;      - SINGLE_SHOT:inst2|ADS1115:U_ADS1115|WAIT_COUNT[6]                                                                                             ; 1                 ; 6       ;
;      - SINGLE_SHOT:inst2|ADS1115:U_ADS1115|WAIT_COUNT[7]                                                                                             ; 1                 ; 6       ;
;      - SINGLE_SHOT:inst2|ADS1115:U_ADS1115|WAIT_COUNT[11]                                                                                            ; 1                 ; 6       ;
;      - SINGLE_SHOT:inst2|ADS1115:U_ADS1115|WAIT_COUNT[12]                                                                                            ; 1                 ; 6       ;
;      - SINGLE_SHOT:inst2|ADS1115:U_ADS1115|WAIT_COUNT[14]                                                                                            ; 1                 ; 6       ;
;      - SINGLE_SHOT:inst2|ADS1115:U_ADS1115|WAIT_COUNT[15]                                                                                            ; 1                 ; 6       ;
;      - SINGLE_SHOT:inst2|ADS1115:U_ADS1115|WAIT_COUNT[19]                                                                                            ; 1                 ; 6       ;
;      - SINGLE_SHOT:inst2|ADS1115:U_ADS1115|WAIT_COUNT[20]                                                                                            ; 1                 ; 6       ;
;      - SINGLE_SHOT:inst2|ADS1115:U_ADS1115|WAIT_COUNT[21]                                                                                            ; 1                 ; 6       ;
;      - SINGLE_SHOT:inst2|ADS1115:U_ADS1115|WAIT_COUNT[22]                                                                                            ; 1                 ; 6       ;
;      - SINGLE_SHOT:inst2|ADS1115:U_ADS1115|WAIT_COUNT[23]                                                                                            ; 1                 ; 6       ;
;      - SINGLE_SHOT:inst2|ADS1115:U_ADS1115|WAIT_COUNT[24]                                                                                            ; 1                 ; 6       ;
;      - SINGLE_SHOT:inst2|ADS1115:U_ADS1115|WAIT_COUNT[25]                                                                                            ; 1                 ; 6       ;
;      - SINGLE_SHOT:inst2|ADS1115:U_ADS1115|WAIT_COUNT[26]                                                                                            ; 1                 ; 6       ;
;      - SINGLE_SHOT:inst2|ADS1115:U_ADS1115|WAIT_COUNT[27]                                                                                            ; 1                 ; 6       ;
;      - SINGLE_SHOT:inst2|ADS1115:U_ADS1115|WAIT_COUNT[28]                                                                                            ; 1                 ; 6       ;
;      - SINGLE_SHOT:inst2|ADS1115:U_ADS1115|WAIT_COUNT[29]                                                                                            ; 1                 ; 6       ;
;      - SINGLE_SHOT:inst2|ADS1115:U_ADS1115|WAIT_COUNT[30]                                                                                            ; 1                 ; 6       ;
;      - I2C_SPI_UART:inst|PAYLOAD_COUNTER[0]                                                                                                          ; 1                 ; 6       ;
;      - I2C_SPI_UART:inst|PAYLOAD_COUNTER[1]                                                                                                          ; 1                 ; 6       ;
;      - I2C_SPI_UART:inst|PAYLOAD_COUNTER[2]                                                                                                          ; 1                 ; 6       ;
;      - I2C_SPI_UART:inst|PAYLOAD_COUNTER[3]                                                                                                          ; 1                 ; 6       ;
;      - I2C_SPI_UART:inst|PAYLOAD_COUNTER[4]                                                                                                          ; 1                 ; 6       ;
;      - I2C_SPI_UART:inst|PAYLOAD_COUNTER[5]                                                                                                          ; 1                 ; 6       ;
;      - I2C_SPI_UART:inst|PAYLOAD_COUNTER[6]                                                                                                          ; 1                 ; 6       ;
;      - I2C_SPI_UART:inst|PAYLOAD_COUNTER[7]                                                                                                          ; 1                 ; 6       ;
;      - I2C_SPI_UART:inst|PAYLOAD_COUNTER[8]                                                                                                          ; 1                 ; 6       ;
;      - I2C_SPI_UART:inst|PAYLOAD_COUNTER[9]                                                                                                          ; 1                 ; 6       ;
;      - I2C_SPI_UART:inst|PAYLOAD_COUNTER[10]                                                                                                         ; 1                 ; 6       ;
;      - I2C_SPI_UART:inst|PAYLOAD_COUNTER[11]                                                                                                         ; 1                 ; 6       ;
;      - I2C_SPI_UART:inst|PAYLOAD_COUNTER[12]                                                                                                         ; 1                 ; 6       ;
;      - I2C_SPI_UART:inst|PAYLOAD_COUNTER[13]                                                                                                         ; 1                 ; 6       ;
;      - I2C_SPI_UART:inst|PAYLOAD_COUNTER[14]                                                                                                         ; 1                 ; 6       ;
;      - I2C_SPI_UART:inst|PAYLOAD_COUNTER[15]                                                                                                         ; 1                 ; 6       ;
;      - I2C_SPI_UART:inst|PAYLOAD_COUNTER[16]                                                                                                         ; 1                 ; 6       ;
;      - I2C_SPI_UART:inst|PAYLOAD_COUNTER[17]                                                                                                         ; 1                 ; 6       ;
;      - I2C_SPI_UART:inst|PAYLOAD_COUNTER[18]                                                                                                         ; 1                 ; 6       ;
;      - I2C_SPI_UART:inst|PAYLOAD_COUNTER[19]                                                                                                         ; 1                 ; 6       ;
;      - I2C_SPI_UART:inst|PAYLOAD_COUNTER[20]                                                                                                         ; 1                 ; 6       ;
;      - I2C_SPI_UART:inst|PAYLOAD_COUNTER[21]                                                                                                         ; 1                 ; 6       ;
;      - I2C_SPI_UART:inst|PAYLOAD_COUNTER[22]                                                                                                         ; 1                 ; 6       ;
;      - I2C_SPI_UART:inst|PAYLOAD_COUNTER[23]                                                                                                         ; 1                 ; 6       ;
;      - I2C_SPI_UART:inst|PAYLOAD_COUNTER[24]                                                                                                         ; 1                 ; 6       ;
;      - I2C_SPI_UART:inst|PAYLOAD_COUNTER[25]                                                                                                         ; 1                 ; 6       ;
;      - I2C_SPI_UART:inst|PAYLOAD_COUNTER[26]                                                                                                         ; 1                 ; 6       ;
;      - I2C_SPI_UART:inst|PAYLOAD_COUNTER[27]                                                                                                         ; 1                 ; 6       ;
;      - I2C_SPI_UART:inst|PAYLOAD_COUNTER[28]                                                                                                         ; 1                 ; 6       ;
;      - I2C_SPI_UART:inst|PAYLOAD_COUNTER[29]                                                                                                         ; 1                 ; 6       ;
;      - I2C_SPI_UART:inst|PAYLOAD_COUNTER[30]                                                                                                         ; 1                 ; 6       ;
;      - I2C_SPI_UART:inst|PAYLOAD_COUNTER[31]                                                                                                         ; 1                 ; 6       ;
;      - ADXL345:inst1|DELAY[3]                                                                                                                        ; 1                 ; 6       ;
;      - ADXL345:inst1|DELAY[2]                                                                                                                        ; 1                 ; 6       ;
;      - ADXL345:inst1|DELAY[1]                                                                                                                        ; 1                 ; 6       ;
;      - ADXL345:inst1|DELAY[0]                                                                                                                        ; 1                 ; 6       ;
;      - UART:inst6|UART_TX:UART_TX_INST|TX_REG                                                                                                        ; 1                 ; 6       ;
;      - ADXL345:inst1|SPI_DRIVER:SPI_DRIVER_INST|SPI:SPI_INST|CS[0]                                                                                   ; 1                 ; 6       ;
;      - UART:inst6|UART_TX:UART_TX_INST|STATE.STOP                                                                                                    ; 1                 ; 6       ;
;      - UART:inst6|UART_TX:UART_TX_INST|STATE.IDLE                                                                                                    ; 1                 ; 6       ;
;      - UART:inst6|UART_TX:UART_TX_INST|BIT_INDEX[2]                                                                                                  ; 1                 ; 6       ;
;      - UART:inst6|UART_TX:UART_TX_INST|STATE.DATA                                                                                                    ; 1                 ; 6       ;
;      - UART:inst6|UART_TX:UART_TX_INST|SHIFT_REG[6]                                                                                                  ; 1                 ; 6       ;
;      - UART:inst6|UART_TX:UART_TX_INST|BIT_INDEX[1]                                                                                                  ; 1                 ; 6       ;
;      - UART:inst6|UART_TX:UART_TX_INST|SHIFT_REG[5]                                                                                                  ; 1                 ; 6       ;
;      - UART:inst6|UART_TX:UART_TX_INST|BIT_INDEX[0]                                                                                                  ; 1                 ; 6       ;
;      - UART:inst6|UART_TX:UART_TX_INST|SHIFT_REG[4]                                                                                                  ; 1                 ; 6       ;
;      - UART:inst6|UART_TX:UART_TX_INST|SHIFT_REG[7]                                                                                                  ; 1                 ; 6       ;
;      - UART:inst6|UART_TX:UART_TX_INST|SHIFT_REG[2]                                                                                                  ; 1                 ; 6       ;
;      - UART:inst6|UART_TX:UART_TX_INST|SHIFT_REG[1]                                                                                                  ; 1                 ; 6       ;
;      - UART:inst6|UART_TX:UART_TX_INST|SHIFT_REG[0]                                                                                                  ; 1                 ; 6       ;
;      - UART:inst6|UART_TX:UART_TX_INST|SHIFT_REG[3]                                                                                                  ; 1                 ; 6       ;
;      - ADXL345:inst1|SPI_DRIVER:SPI_DRIVER_INST|SPI:SPI_INST|BIT_COUNT[4]~0                                                                          ; 1                 ; 6       ;
;      - ADXL345:inst1|SPI_DRIVER:SPI_DRIVER_INST|SPI:SPI_INST|COUNT[30]~1                                                                             ; 1                 ; 6       ;
;      - ADXL345:inst1|SPI_DRIVER:SPI_DRIVER_INST|SPI:SPI_INST|COUNT_T[1]~1                                                                            ; 1                 ; 6       ;
;      - UART:inst6|UART_TX:UART_TX_INST|TX_START_EDGE                                                                                                 ; 1                 ; 6       ;
;      - UART:inst6|UART_TX:UART_TX_INST|STATE.START                                                                                                   ; 1                 ; 6       ;
;      - UART:inst6|DATA_IN[6]                                                                                                                         ; 1                 ; 6       ;
;      - UART:inst6|DATA_IN[5]                                                                                                                         ; 1                 ; 6       ;
;      - UART:inst6|DATA_IN[4]                                                                                                                         ; 1                 ; 6       ;
;      - UART:inst6|DATA_IN[7]                                                                                                                         ; 1                 ; 6       ;
;      - UART:inst6|DATA_IN[2]                                                                                                                         ; 1                 ; 6       ;
;      - UART:inst6|DATA_IN[1]                                                                                                                         ; 1                 ; 6       ;
;      - UART:inst6|DATA_IN[0]                                                                                                                         ; 1                 ; 6       ;
;      - UART:inst6|DATA_IN[3]                                                                                                                         ; 1                 ; 6       ;
;      - ADXL345:inst1|SPI_DRIVER:SPI_DRIVER_INST|BYTE_COUNT[31]                                                                                       ; 1                 ; 6       ;
;      - ADXL345:inst1|SPI_DRIVER:SPI_DRIVER_INST|BYTE_COUNT[30]                                                                                       ; 1                 ; 6       ;
;      - ADXL345:inst1|SPI_DRIVER:SPI_DRIVER_INST|BYTE_COUNT[29]                                                                                       ; 1                 ; 6       ;
;      - ADXL345:inst1|SPI_DRIVER:SPI_DRIVER_INST|BYTE_COUNT[28]                                                                                       ; 1                 ; 6       ;
;      - ADXL345:inst1|SPI_DRIVER:SPI_DRIVER_INST|BYTE_COUNT[27]                                                                                       ; 1                 ; 6       ;
;      - ADXL345:inst1|SPI_DRIVER:SPI_DRIVER_INST|BYTE_COUNT[26]                                                                                       ; 1                 ; 6       ;
;      - ADXL345:inst1|SPI_DRIVER:SPI_DRIVER_INST|BYTE_COUNT[25]                                                                                       ; 1                 ; 6       ;
;      - ADXL345:inst1|SPI_DRIVER:SPI_DRIVER_INST|BYTE_COUNT[24]                                                                                       ; 1                 ; 6       ;
;      - ADXL345:inst1|SPI_DRIVER:SPI_DRIVER_INST|BYTE_COUNT[23]                                                                                       ; 1                 ; 6       ;
;      - ADXL345:inst1|SPI_DRIVER:SPI_DRIVER_INST|BYTE_COUNT[22]                                                                                       ; 1                 ; 6       ;
;      - ADXL345:inst1|SPI_DRIVER:SPI_DRIVER_INST|BYTE_COUNT[21]                                                                                       ; 1                 ; 6       ;
;      - ADXL345:inst1|SPI_DRIVER:SPI_DRIVER_INST|BYTE_COUNT[20]                                                                                       ; 1                 ; 6       ;
;      - ADXL345:inst1|SPI_DRIVER:SPI_DRIVER_INST|BYTE_COUNT[19]                                                                                       ; 1                 ; 6       ;
;      - ADXL345:inst1|SPI_DRIVER:SPI_DRIVER_INST|BYTE_COUNT[18]                                                                                       ; 1                 ; 6       ;
;      - ADXL345:inst1|SPI_DRIVER:SPI_DRIVER_INST|BYTE_COUNT[17]                                                                                       ; 1                 ; 6       ;
;      - ADXL345:inst1|SPI_DRIVER:SPI_DRIVER_INST|BYTE_COUNT[16]                                                                                       ; 1                 ; 6       ;
;      - ADXL345:inst1|SPI_DRIVER:SPI_DRIVER_INST|BYTE_COUNT[15]                                                                                       ; 1                 ; 6       ;
;      - ADXL345:inst1|SPI_DRIVER:SPI_DRIVER_INST|BYTE_COUNT[14]                                                                                       ; 1                 ; 6       ;
;      - ADXL345:inst1|SPI_DRIVER:SPI_DRIVER_INST|BYTE_COUNT[13]                                                                                       ; 1                 ; 6       ;
;      - ADXL345:inst1|SPI_DRIVER:SPI_DRIVER_INST|BYTE_COUNT[12]                                                                                       ; 1                 ; 6       ;
;      - ADXL345:inst1|SPI_DRIVER:SPI_DRIVER_INST|BYTE_COUNT[11]                                                                                       ; 1                 ; 6       ;
;      - ADXL345:inst1|SPI_DRIVER:SPI_DRIVER_INST|BYTE_COUNT[10]                                                                                       ; 1                 ; 6       ;
;      - ADXL345:inst1|SPI_DRIVER:SPI_DRIVER_INST|BYTE_COUNT[9]                                                                                        ; 1                 ; 6       ;
;      - ADXL345:inst1|SPI_DRIVER:SPI_DRIVER_INST|BYTE_COUNT[8]                                                                                        ; 1                 ; 6       ;
;      - ADXL345:inst1|SPI_DRIVER:SPI_DRIVER_INST|BYTE_COUNT[7]                                                                                        ; 1                 ; 6       ;
;      - ADXL345:inst1|SPI_DRIVER:SPI_DRIVER_INST|BYTE_COUNT[6]                                                                                        ; 1                 ; 6       ;
;      - ADXL345:inst1|SPI_DRIVER:SPI_DRIVER_INST|BYTE_COUNT[5]                                                                                        ; 1                 ; 6       ;
;      - ADXL345:inst1|SPI_DRIVER:SPI_DRIVER_INST|BYTE_COUNT[4]                                                                                        ; 1                 ; 6       ;
;      - ADXL345:inst1|SPI_DRIVER:SPI_DRIVER_INST|BYTE_COUNT[3]                                                                                        ; 1                 ; 6       ;
;      - ADXL345:inst1|SPI_DRIVER:SPI_DRIVER_INST|BYTE_COUNT[2]                                                                                        ; 1                 ; 6       ;
;      - ADXL345:inst1|SPI_DRIVER:SPI_DRIVER_INST|BYTE_COUNT[1]                                                                                        ; 1                 ; 6       ;
;      - ADXL345:inst1|SPI_DRIVER:SPI_DRIVER_INST|BYTE_COUNT[0]                                                                                        ; 1                 ; 6       ;
;      - ADXL345:inst1|SPI_DRIVER:SPI_DRIVER_INST|STATE.START                                                                                          ; 1                 ; 6       ;
;      - ADXL345:inst1|SPI_DRIVER:SPI_DRIVER_INST|SPI_A_CON~5                                                                                          ; 1                 ; 6       ;
;      - SINGLE_SHOT:inst2|ADS1115:U_ADS1115|I2C:U_I2C|DATA_CLK_PREV                                                                                   ; 1                 ; 6       ;
;      - SINGLE_SHOT:inst2|ADS1115:U_ADS1115|I2C:U_I2C|STATE.START                                                                                     ; 1                 ; 6       ;
;      - SINGLE_SHOT:inst2|ADS1115:U_ADS1115|I2C:U_I2C|STATE.STOP                                                                                      ; 1                 ; 6       ;
;      - SINGLE_SHOT:inst2|ADS1115:U_ADS1115|I2C:U_I2C|SDA_INT                                                                                         ; 1                 ; 6       ;
;      - SINGLE_SHOT:inst2|ADS1115:U_ADS1115|I2C:U_I2C|SCL_EN                                                                                          ; 1                 ; 6       ;
;      - SINGLE_SHOT:inst2|ADS1115:U_ADS1115|I2C:U_I2C|SCL_CLK                                                                                         ; 1                 ; 6       ;
;      - ADXL345:inst1|SPI_DRIVER:SPI_DRIVER_INST|SPI:SPI_INST|TX_DATA[7]~2                                                                            ; 1                 ; 6       ;
;      - UART:inst6|TX_START                                                                                                                           ; 1                 ; 6       ;
;      - UART:inst6|UART_TX:UART_TX_INST|TX_START_PREV                                                                                                 ; 1                 ; 6       ;
;      - I2C_SPI_UART:inst|UART_READY                                                                                                                  ; 1                 ; 6       ;
;      - UART:inst6|STATE.IDLE                                                                                                                         ; 1                 ; 6       ;
;      - UART:inst6|DATA_READY_PREV                                                                                                                    ; 1                 ; 6       ;
;      - UART:inst6|BAUD_GEN:BAUD_GEN_INST|ACC~0                                                                                                       ; 1                 ; 6       ;
;      - UART:inst6|BAUD_GEN:BAUD_GEN_INST|ACC~1                                                                                                       ; 1                 ; 6       ;
;      - UART:inst6|BAUD_GEN:BAUD_GEN_INST|ACC~2                                                                                                       ; 1                 ; 6       ;
;      - UART:inst6|BAUD_GEN:BAUD_GEN_INST|ACC~3                                                                                                       ; 1                 ; 6       ;
;      - UART:inst6|BAUD_GEN:BAUD_GEN_INST|ACC~4                                                                                                       ; 1                 ; 6       ;
;      - UART:inst6|BAUD_GEN:BAUD_GEN_INST|ACC~5                                                                                                       ; 1                 ; 6       ;
;      - UART:inst6|BAUD_GEN:BAUD_GEN_INST|ACC~6                                                                                                       ; 1                 ; 6       ;
;      - UART:inst6|BAUD_GEN:BAUD_GEN_INST|ACC~7                                                                                                       ; 1                 ; 6       ;
;      - UART:inst6|BAUD_GEN:BAUD_GEN_INST|ACC~8                                                                                                       ; 1                 ; 6       ;
;      - UART:inst6|BAUD_GEN:BAUD_GEN_INST|ACC~9                                                                                                       ; 1                 ; 6       ;
;      - UART:inst6|BAUD_GEN:BAUD_GEN_INST|ACC~10                                                                                                      ; 1                 ; 6       ;
;      - UART:inst6|BAUD_GEN:BAUD_GEN_INST|ACC~11                                                                                                      ; 1                 ; 6       ;
;      - UART:inst6|BAUD_GEN:BAUD_GEN_INST|ACC~12                                                                                                      ; 1                 ; 6       ;
;      - UART:inst6|BAUD_GEN:BAUD_GEN_INST|ACC~13                                                                                                      ; 1                 ; 6       ;
;      - UART:inst6|BAUD_GEN:BAUD_GEN_INST|ACC~14                                                                                                      ; 1                 ; 6       ;
;      - UART:inst6|BAUD_GEN:BAUD_GEN_INST|ACC~15                                                                                                      ; 1                 ; 6       ;
;      - UART:inst6|BAUD_GEN:BAUD_GEN_INST|ACC~16                                                                                                      ; 1                 ; 6       ;
;      - UART:inst6|BAUD_GEN:BAUD_GEN_INST|ACC~17                                                                                                      ; 1                 ; 6       ;
;      - UART:inst6|BAUD_GEN:BAUD_GEN_INST|ACC~18                                                                                                      ; 1                 ; 6       ;
;      - UART:inst6|BAUD_GEN:BAUD_GEN_INST|ACC~19                                                                                                      ; 1                 ; 6       ;
;      - UART:inst6|BAUD_GEN:BAUD_GEN_INST|ACC~20                                                                                                      ; 1                 ; 6       ;
;      - UART:inst6|BAUD_GEN:BAUD_GEN_INST|ACC~21                                                                                                      ; 1                 ; 6       ;
;      - UART:inst6|BAUD_GEN:BAUD_GEN_INST|ACC~22                                                                                                      ; 1                 ; 6       ;
;      - UART:inst6|BAUD_GEN:BAUD_GEN_INST|ACC~23                                                                                                      ; 1                 ; 6       ;
;      - UART:inst6|BAUD_GEN:BAUD_GEN_INST|ACC~24                                                                                                      ; 1                 ; 6       ;
;      - UART:inst6|BAUD_GEN:BAUD_GEN_INST|ACC~25                                                                                                      ; 1                 ; 6       ;
;      - UART:inst6|BAUD_GEN:BAUD_GEN_INST|ACC~26                                                                                                      ; 1                 ; 6       ;
;      - UART:inst6|BAUD_GEN:BAUD_GEN_INST|ACC~27                                                                                                      ; 1                 ; 6       ;
;      - UART:inst6|BAUD_GEN:BAUD_GEN_INST|DIV16_CNT~0                                                                                                 ; 1                 ; 6       ;
;      - UART:inst6|BAUD_GEN:BAUD_GEN_INST|DIV16_CNT[1]~1                                                                                              ; 1                 ; 6       ;
;      - UART:inst6|BAUD_GEN:BAUD_GEN_INST|DIV16_CNT~2                                                                                                 ; 1                 ; 6       ;
;      - UART:inst6|BAUD_GEN:BAUD_GEN_INST|DIV16_CNT~3                                                                                                 ; 1                 ; 6       ;
;      - UART:inst6|BAUD_GEN:BAUD_GEN_INST|DIV16_CNT~4                                                                                                 ; 1                 ; 6       ;
;      - ADXL345:inst1|SPI_DRIVER:SPI_DRIVER_INST|STATE.WAIT_SPI_LOW                                                                                   ; 1                 ; 6       ;
;      - ADXL345:inst1|SPI_DRIVER:SPI_DRIVER_INST|STATE.WAIT_SPI_RISE                                                                                  ; 1                 ; 6       ;
;      - ADXL345:inst1|SPI_DRIVER:SPI_DRIVER_INST|START_PULSE                                                                                          ; 1                 ; 6       ;
;      - ADXL345:inst1|SPI_DRIVER:SPI_DRIVER_INST|STATE.IDLE                                                                                           ; 1                 ; 6       ;
;      - ADXL345:inst1|SPI_DRIVER:SPI_DRIVER_INST|N_REG[0]~0                                                                                           ; 1                 ; 6       ;
;      - ADXL345:inst1|N[1]                                                                                                                            ; 1                 ; 6       ;
;      - ADXL345:inst1|N[0]                                                                                                                            ; 1                 ; 6       ;
;      - SINGLE_SHOT:inst2|ADS1115:U_ADS1115|I2C:U_I2C|DATA_CLK                                                                                        ; 1                 ; 6       ;
;      - SINGLE_SHOT:inst2|ADS1115:U_ADS1115|EN                                                                                                        ; 1                 ; 6       ;
;      - SINGLE_SHOT:inst2|ADS1115:U_ADS1115|I2C:U_I2C|STATE.SLV_ACK2                                                                                  ; 1                 ; 6       ;
;      - SINGLE_SHOT:inst2|ADS1115:U_ADS1115|I2C:U_I2C|STATE.MSTR_ACK                                                                                  ; 1                 ; 6       ;
;      - SINGLE_SHOT:inst2|ADS1115:U_ADS1115|RW                                                                                                        ; 1                 ; 6       ;
;      - SINGLE_SHOT:inst2|ADS1115:U_ADS1115|I2C:U_I2C|STATE.READY                                                                                     ; 1                 ; 6       ;
;      - SINGLE_SHOT:inst2|ADS1115:U_ADS1115|I2C:U_I2C|STATE.RD                                                                                        ; 1                 ; 6       ;
;      - SINGLE_SHOT:inst2|ADS1115:U_ADS1115|I2C:U_I2C|BIT_CNT[0]                                                                                      ; 1                 ; 6       ;
;      - SINGLE_SHOT:inst2|ADS1115:U_ADS1115|I2C:U_I2C|BIT_CNT[2]                                                                                      ; 1                 ; 6       ;
;      - SINGLE_SHOT:inst2|ADS1115:U_ADS1115|I2C:U_I2C|BIT_CNT[1]                                                                                      ; 1                 ; 6       ;
;      - SINGLE_SHOT:inst2|ADS1115:U_ADS1115|I2C:U_I2C|STATE.WR                                                                                        ; 1                 ; 6       ;
;      - SINGLE_SHOT:inst2|ADS1115:U_ADS1115|I2C:U_I2C|STATE.COMMAND                                                                                   ; 1                 ; 6       ;
;      - SINGLE_SHOT:inst2|ADS1115:U_ADS1115|I2C:U_I2C|STATE.SLV_ACK1                                                                                  ; 1                 ; 6       ;
;      - SINGLE_SHOT:inst2|ADS1115:U_ADS1115|DATA_WR[0]                                                                                                ; 1                 ; 6       ;
;      - SINGLE_SHOT:inst2|ADS1115:U_ADS1115|DATA_WR[6]                                                                                                ; 1                 ; 6       ;
;      - SINGLE_SHOT:inst2|ADS1115:U_ADS1115|DATA_WR[1]                                                                                                ; 1                 ; 6       ;
;      - SINGLE_SHOT:inst2|ADS1115:U_ADS1115|DATA_WR[7]                                                                                                ; 1                 ; 6       ;
;      - SINGLE_SHOT:inst2|ADS1115:U_ADS1115|I2C:U_I2C|COUNT[7]                                                                                        ; 1                 ; 6       ;
;      - SINGLE_SHOT:inst2|ADS1115:U_ADS1115|I2C:U_I2C|COUNT[6]                                                                                        ; 1                 ; 6       ;
;      - SINGLE_SHOT:inst2|ADS1115:U_ADS1115|I2C:U_I2C|COUNT[5]                                                                                        ; 1                 ; 6       ;
;      - SINGLE_SHOT:inst2|ADS1115:U_ADS1115|I2C:U_I2C|COUNT[4]                                                                                        ; 1                 ; 6       ;
;      - SINGLE_SHOT:inst2|ADS1115:U_ADS1115|I2C:U_I2C|COUNT[3]                                                                                        ; 1                 ; 6       ;
;      - SINGLE_SHOT:inst2|ADS1115:U_ADS1115|I2C:U_I2C|COUNT[2]                                                                                        ; 1                 ; 6       ;
;      - SINGLE_SHOT:inst2|ADS1115:U_ADS1115|I2C:U_I2C|COUNT[1]                                                                                        ; 1                 ; 6       ;
;      - SINGLE_SHOT:inst2|ADS1115:U_ADS1115|I2C:U_I2C|STRETCHED                                                                                       ; 1                 ; 6       ;
;      - SINGLE_SHOT:inst2|ADS1115:U_ADS1115|I2C:U_I2C|COUNT[0]                                                                                        ; 1                 ; 6       ;
;      - SINGLE_SHOT:inst2|ADS1115:U_ADS1115|I2C:U_I2C|COUNT[8]                                                                                        ; 1                 ; 6       ;
;      - ADXL345:inst1|SPI_DRIVER:SPI_DRIVER_INST|SPI_DATA_WR[6]~11                                                                                    ; 1                 ; 6       ;
;      - UART:inst6|STATE.CAPTURE                                                                                                                      ; 1                 ; 6       ;
;      - I2C_SPI_UART:inst|UART_STATE.U_LATCH                                                                                                          ; 1                 ; 6       ;
;      - I2C_SPI_UART:inst|UART_STATE.U_SEND                                                                                                           ; 1                 ; 6       ;
;      - UART:inst6|STATE.WAIT_TX_DONE                                                                                                                 ; 1                 ; 6       ;
;      - ADXL345:inst1|SPI_DRIVER:SPI_DRIVER_INST|START_SYNC_1                                                                                         ; 1                 ; 6       ;
;      - ADXL345:inst1|SPI_DRIVER:SPI_DRIVER_INST|START_PREV                                                                                           ; 1                 ; 6       ;
;      - ADXL345:inst1|STATE.START_READ                                                                                                                ; 1                 ; 6       ;
;      - ADXL345:inst1|INIT_CYCLES[1]                                                                                                                  ; 1                 ; 6       ;
;      - ADXL345:inst1|INIT_CYCLES[0]                                                                                                                  ; 1                 ; 6       ;
;      - ADXL345:inst1|STATE.INIT                                                                                                                      ; 1                 ; 6       ;
;      - ADXL345:inst1|SPI_DRIVER:SPI_DRIVER_INST|BUSY                                                                                                 ; 1                 ; 6       ;
;      - SINGLE_SHOT:inst2|ADS1115:U_ADS1115|STATE.WAIT_CONVERSION                                                                                     ; 1                 ; 6       ;
;      - SINGLE_SHOT:inst2|ADS1115:U_ADS1115|STATE.WAIT_I2C_BUSY                                                                                       ; 1                 ; 6       ;
;      - SINGLE_SHOT:inst2|ADS1115:U_ADS1115|STATE.WAIT_I2C_DONE                                                                                       ; 1                 ; 6       ;
;      - SINGLE_SHOT:inst2|ADS1115:U_ADS1115|I2C:U_I2C|BUSY                                                                                            ; 1                 ; 6       ;
;      - SINGLE_SHOT:inst2|ADS1115:U_ADS1115|STATE.CONFIGURE                                                                                           ; 1                 ; 6       ;
;      - SINGLE_SHOT:inst2|ADS1115:U_ADS1115|STATE.READ_DATA                                                                                           ; 1                 ; 6       ;
;      - SINGLE_SHOT:inst2|ADS1115:U_ADS1115|BYTE_COUNT[1]                                                                                             ; 1                 ; 6       ;
;      - SINGLE_SHOT:inst2|ADS1115:U_ADS1115|BYTE_COUNT[0]                                                                                             ; 1                 ; 6       ;
;      - SINGLE_SHOT:inst2|ADS1115:U_ADS1115|I2C:U_I2C|ADDR_RW[0]~2                                                                                    ; 1                 ; 6       ;
;      - ADXL345:inst1|REG_ADDR[1]                                                                                                                     ; 1                 ; 6       ;
;      - UART:inst6|STATE.WAIT_TX_ACCEPT                                                                                                               ; 1                 ; 6       ;
;      - I2C_SPI_UART:inst|wrreq_sig                                                                                                                   ; 1                 ; 6       ;
;      - I2C_SPI_UART:inst|rdreq_sig                                                                                                                   ; 1                 ; 6       ;
;      - I2C_SPI_UART:inst|data_sig[6]                                                                                                                 ; 1                 ; 6       ;
;      - I2C_SPI_UART:inst|data_sig[5]                                                                                                                 ; 1                 ; 6       ;
;      - I2C_SPI_UART:inst|data_sig[4]                                                                                                                 ; 1                 ; 6       ;
;      - I2C_SPI_UART:inst|data_sig[7]                                                                                                                 ; 1                 ; 6       ;
;      - I2C_SPI_UART:inst|data_sig[2]                                                                                                                 ; 1                 ; 6       ;
;      - I2C_SPI_UART:inst|data_sig[1]                                                                                                                 ; 1                 ; 6       ;
;      - I2C_SPI_UART:inst|data_sig[0]                                                                                                                 ; 1                 ; 6       ;
;      - I2C_SPI_UART:inst|data_sig[3]                                                                                                                 ; 1                 ; 6       ;
;      - ADXL345:inst1|SPI_DRIVER:SPI_DRIVER_INST|START_SYNC_0                                                                                         ; 1                 ; 6       ;
;      - ADXL345:inst1|STATE.CAPTURE                                                                                                                   ; 1                 ; 6       ;
;      - ADXL345:inst1|CAPUTURE_CYCLES[2]                                                                                                              ; 1                 ; 6       ;
;      - ADXL345:inst1|CAPUTURE_CYCLES[1]                                                                                                              ; 1                 ; 6       ;
;      - ADXL345:inst1|CAPUTURE_CYCLES[0]                                                                                                              ; 1                 ; 6       ;
;      - ADXL345:inst1|STATE.POWER_UP_DELAY                                                                                                            ; 1                 ; 6       ;
;      - ADXL345:inst1|DONE_PULSE                                                                                                                      ; 1                 ; 6       ;
;      - ADXL345:inst1|STATE.WAIT_INIT                                                                                                                 ; 1                 ; 6       ;
;      - ADXL345:inst1|RX_VALID_PULSE                                                                                                                  ; 1                 ; 6       ;
;      - ADXL345:inst1|STATE.WAIT_READ                                                                                                                 ; 1                 ; 6       ;
;      - SINGLE_SHOT:inst2|ADS1115:U_ADS1115|MAX_WAIT[10]                                                                                              ; 1                 ; 6       ;
;      - SINGLE_SHOT:inst2|ADS1115:U_ADS1115|STATE.IDLE                                                                                                ; 1                 ; 6       ;
;      - SINGLE_SHOT:inst2|START_CONV                                                                                                                  ; 1                 ; 6       ;
;      - I2C_SPI_UART:inst|STATE.WRITE_FIFO                                                                                                            ; 1                 ; 6       ;
;      - I2C_SPI_UART:inst|UART_STATE.U_IDLE                                                                                                           ; 1                 ; 6       ;
;      - UART:inst6|UART_BUSY                                                                                                                          ; 1                 ; 6       ;
;      - I2C_SPI_UART:inst|SPI_ACTIVE_BUFFER[38]                                                                                                       ; 1                 ; 6       ;
;      - I2C_SPI_UART:inst|SPI_ACTIVE_BUFFER[46]                                                                                                       ; 1                 ; 6       ;
;      - I2C_SPI_UART:inst|SPI_ACTIVE_BUFFER[30]                                                                                                       ; 1                 ; 6       ;
;      - I2C_SPI_UART:inst|SPI_ACTIVE_BUFFER[6]                                                                                                        ; 1                 ; 6       ;
;      - I2C_SPI_UART:inst|SPI_ACTIVE_BUFFER[14]                                                                                                       ; 1                 ; 6       ;
;      - I2C_SPI_UART:inst|SPI_ACTIVE_BUFFER[22]                                                                                                       ; 1                 ; 6       ;
;      - I2C_SPI_UART:inst|STATE.PAYLOAD                                                                                                               ; 1                 ; 6       ;
;      - I2C_SPI_UART:inst|PROCESSING_I2C                                                                                                              ; 1                 ; 6       ;
;      - I2C_SPI_UART:inst|STATE.CHECKSUM                                                                                                              ; 1                 ; 6       ;
;      - I2C_SPI_UART:inst|STATE.DATA_LENGTH                                                                                                           ; 1                 ; 6       ;
;      - I2C_SPI_UART:inst|I2C_ACTIVE_BUFFER[6]                                                                                                        ; 1                 ; 6       ;
;      - I2C_SPI_UART:inst|I2C_ACTIVE_BUFFER[14]                                                                                                       ; 1                 ; 6       ;
;      - I2C_SPI_UART:inst|STATE.HEADER                                                                                                                ; 1                 ; 6       ;
;      - I2C_SPI_UART:inst|SPI_ACTIVE_BUFFER[37]                                                                                                       ; 1                 ; 6       ;
;      - I2C_SPI_UART:inst|SPI_ACTIVE_BUFFER[45]                                                                                                       ; 1                 ; 6       ;
;      - I2C_SPI_UART:inst|SPI_ACTIVE_BUFFER[29]                                                                                                       ; 1                 ; 6       ;
;      - I2C_SPI_UART:inst|SPI_ACTIVE_BUFFER[5]                                                                                                        ; 1                 ; 6       ;
;      - I2C_SPI_UART:inst|SPI_ACTIVE_BUFFER[13]                                                                                                       ; 1                 ; 6       ;
;      - I2C_SPI_UART:inst|SPI_ACTIVE_BUFFER[21]                                                                                                       ; 1                 ; 6       ;
;      - I2C_SPI_UART:inst|I2C_ACTIVE_BUFFER[5]                                                                                                        ; 1                 ; 6       ;
;      - I2C_SPI_UART:inst|I2C_ACTIVE_BUFFER[13]                                                                                                       ; 1                 ; 6       ;
;      - I2C_SPI_UART:inst|SPI_ACTIVE_BUFFER[36]                                                                                                       ; 1                 ; 6       ;
;      - I2C_SPI_UART:inst|SPI_ACTIVE_BUFFER[44]                                                                                                       ; 1                 ; 6       ;
;      - I2C_SPI_UART:inst|SPI_ACTIVE_BUFFER[28]                                                                                                       ; 1                 ; 6       ;
;      - I2C_SPI_UART:inst|SPI_ACTIVE_BUFFER[4]                                                                                                        ; 1                 ; 6       ;
;      - I2C_SPI_UART:inst|SPI_ACTIVE_BUFFER[12]                                                                                                       ; 1                 ; 6       ;
;      - I2C_SPI_UART:inst|SPI_ACTIVE_BUFFER[20]                                                                                                       ; 1                 ; 6       ;
;      - I2C_SPI_UART:inst|I2C_ACTIVE_BUFFER[4]                                                                                                        ; 1                 ; 6       ;
;      - I2C_SPI_UART:inst|I2C_ACTIVE_BUFFER[12]                                                                                                       ; 1                 ; 6       ;
;      - I2C_SPI_UART:inst|SPI_ACTIVE_BUFFER[39]                                                                                                       ; 1                 ; 6       ;
;      - I2C_SPI_UART:inst|SPI_ACTIVE_BUFFER[47]                                                                                                       ; 1                 ; 6       ;
;      - I2C_SPI_UART:inst|SPI_ACTIVE_BUFFER[31]                                                                                                       ; 1                 ; 6       ;
;      - I2C_SPI_UART:inst|SPI_ACTIVE_BUFFER[7]                                                                                                        ; 1                 ; 6       ;
;      - I2C_SPI_UART:inst|SPI_ACTIVE_BUFFER[15]                                                                                                       ; 1                 ; 6       ;
;      - I2C_SPI_UART:inst|SPI_ACTIVE_BUFFER[23]                                                                                                       ; 1                 ; 6       ;
;      - I2C_SPI_UART:inst|I2C_ACTIVE_BUFFER[7]                                                                                                        ; 1                 ; 6       ;
;      - I2C_SPI_UART:inst|I2C_ACTIVE_BUFFER[15]                                                                                                       ; 1                 ; 6       ;
;      - I2C_SPI_UART:inst|STATE.IDLE                                                                                                                  ; 1                 ; 6       ;
;      - I2C_SPI_UART:inst|STATE.DONE                                                                                                                  ; 1                 ; 6       ;
;      - I2C_SPI_UART:inst|I2C_ACTIVE_BUFFER[2]                                                                                                        ; 1                 ; 6       ;
;      - I2C_SPI_UART:inst|I2C_ACTIVE_BUFFER[10]                                                                                                       ; 1                 ; 6       ;
;      - I2C_SPI_UART:inst|SPI_ACTIVE_BUFFER[34]                                                                                                       ; 1                 ; 6       ;
;      - I2C_SPI_UART:inst|SPI_ACTIVE_BUFFER[42]                                                                                                       ; 1                 ; 6       ;
;      - I2C_SPI_UART:inst|SPI_ACTIVE_BUFFER[26]                                                                                                       ; 1                 ; 6       ;
;      - I2C_SPI_UART:inst|SPI_ACTIVE_BUFFER[2]                                                                                                        ; 1                 ; 6       ;
;      - I2C_SPI_UART:inst|SPI_ACTIVE_BUFFER[10]                                                                                                       ; 1                 ; 6       ;
;      - I2C_SPI_UART:inst|SPI_ACTIVE_BUFFER[18]                                                                                                       ; 1                 ; 6       ;
;      - I2C_SPI_UART:inst|SPI_ACTIVE_BUFFER[33]                                                                                                       ; 1                 ; 6       ;
;      - I2C_SPI_UART:inst|SPI_ACTIVE_BUFFER[41]                                                                                                       ; 1                 ; 6       ;
;      - I2C_SPI_UART:inst|SPI_ACTIVE_BUFFER[25]                                                                                                       ; 1                 ; 6       ;
;      - I2C_SPI_UART:inst|SPI_ACTIVE_BUFFER[1]                                                                                                        ; 1                 ; 6       ;
;      - I2C_SPI_UART:inst|SPI_ACTIVE_BUFFER[9]                                                                                                        ; 1                 ; 6       ;
;      - I2C_SPI_UART:inst|SPI_ACTIVE_BUFFER[17]                                                                                                       ; 1                 ; 6       ;
;      - I2C_SPI_UART:inst|I2C_ACTIVE_BUFFER[1]                                                                                                        ; 1                 ; 6       ;
;      - I2C_SPI_UART:inst|I2C_ACTIVE_BUFFER[9]                                                                                                        ; 1                 ; 6       ;
;      - I2C_SPI_UART:inst|I2C_ACTIVE_BUFFER[0]                                                                                                        ; 1                 ; 6       ;
;      - I2C_SPI_UART:inst|I2C_ACTIVE_BUFFER[8]                                                                                                        ; 1                 ; 6       ;
;      - I2C_SPI_UART:inst|SPI_ACTIVE_BUFFER[32]                                                                                                       ; 1                 ; 6       ;
;      - I2C_SPI_UART:inst|SPI_ACTIVE_BUFFER[40]                                                                                                       ; 1                 ; 6       ;
;      - I2C_SPI_UART:inst|SPI_ACTIVE_BUFFER[24]                                                                                                       ; 1                 ; 6       ;
;      - I2C_SPI_UART:inst|SPI_ACTIVE_BUFFER[0]                                                                                                        ; 1                 ; 6       ;
;      - I2C_SPI_UART:inst|SPI_ACTIVE_BUFFER[8]                                                                                                        ; 1                 ; 6       ;
;      - I2C_SPI_UART:inst|SPI_ACTIVE_BUFFER[16]                                                                                                       ; 1                 ; 6       ;
;      - I2C_SPI_UART:inst|SPI_ACTIVE_BUFFER[35]                                                                                                       ; 1                 ; 6       ;
;      - I2C_SPI_UART:inst|SPI_ACTIVE_BUFFER[43]                                                                                                       ; 1                 ; 6       ;
;      - I2C_SPI_UART:inst|SPI_ACTIVE_BUFFER[27]                                                                                                       ; 1                 ; 6       ;
;      - I2C_SPI_UART:inst|SPI_ACTIVE_BUFFER[3]                                                                                                        ; 1                 ; 6       ;
;      - I2C_SPI_UART:inst|SPI_ACTIVE_BUFFER[11]                                                                                                       ; 1                 ; 6       ;
;      - I2C_SPI_UART:inst|SPI_ACTIVE_BUFFER[19]                                                                                                       ; 1                 ; 6       ;
;      - I2C_SPI_UART:inst|I2C_ACTIVE_BUFFER[3]                                                                                                        ; 1                 ; 6       ;
;      - I2C_SPI_UART:inst|I2C_ACTIVE_BUFFER[11]                                                                                                       ; 1                 ; 6       ;
;      - ADXL345:inst1|START_SHOT                                                                                                                      ; 1                 ; 6       ;
;      - ADXL345:inst1|STATE.IDLE                                                                                                                      ; 1                 ; 6       ;
;      - ADXL345:inst1|SPI_DRIVER:SPI_DRIVER_INST|DONE                                                                                                 ; 1                 ; 6       ;
;      - ADXL345:inst1|DONE_PREV                                                                                                                       ; 1                 ; 6       ;
;      - ADXL345:inst1|RX_VALID_PREV                                                                                                                   ; 1                 ; 6       ;
;      - SINGLE_SHOT:inst2|ADS1115:U_ADS1115|STATE_AFTER_WAIT.CONFIGURE~0                                                                              ; 1                 ; 6       ;
;      - SINGLE_SHOT:inst2|STATE.IDLE                                                                                                                  ; 1                 ; 6       ;
;      - SINGLE_SHOT:inst2|STATE.WAIT_PIN                                                                                                              ; 1                 ; 6       ;
;      - SINGLE_SHOT:inst2|ADS1115:U_ADS1115|CONV_READY                                                                                                ; 1                 ; 6       ;
;      - ADXL345:inst1|REG_ADDR[5]                                                                                                                     ; 1                 ; 6       ;
;      - I2C_SPI_UART:inst|SPI_PEDING                                                                                                                  ; 1                 ; 6       ;
;      - I2C_SPI_UART:inst|I2C_PENDING                                                                                                                 ; 1                 ; 6       ;
;      - I2C_SPI_UART:inst|UART_STATE.U_WAIT_UART                                                                                                      ; 1                 ; 6       ;
;      - I2C_SPI_UART:inst|SPI_BUFFER[38]                                                                                                              ; 1                 ; 6       ;
;      - I2C_SPI_UART:inst|NEXT_PRIORITY                                                                                                               ; 1                 ; 6       ;
;      - I2C_SPI_UART:inst|SPI_BUFFER[46]                                                                                                              ; 1                 ; 6       ;
;      - I2C_SPI_UART:inst|SPI_BUFFER[30]                                                                                                              ; 1                 ; 6       ;
;      - I2C_SPI_UART:inst|SPI_BUFFER[6]                                                                                                               ; 1                 ; 6       ;
;      - I2C_SPI_UART:inst|SPI_BUFFER[14]                                                                                                              ; 1                 ; 6       ;
;      - I2C_SPI_UART:inst|SPI_BUFFER[22]                                                                                                              ; 1                 ; 6       ;
;      - I2C_SPI_UART:inst|RETURN_STATE.PAYLOAD                                                                                                        ; 1                 ; 6       ;
;      - I2C_SPI_UART:inst|RETURN_STATE.DATA_LENGTH                                                                                                    ; 1                 ; 6       ;
;      - I2C_SPI_UART:inst|I2C_BUFFER[6]                                                                                                               ; 1                 ; 6       ;
;      - I2C_SPI_UART:inst|I2C_BUFFER[14]                                                                                                              ; 1                 ; 6       ;
;      - I2C_SPI_UART:inst|SPI_BUFFER[37]                                                                                                              ; 1                 ; 6       ;
;      - I2C_SPI_UART:inst|SPI_BUFFER[45]                                                                                                              ; 1                 ; 6       ;
;      - I2C_SPI_UART:inst|SPI_BUFFER[29]                                                                                                              ; 1                 ; 6       ;
;      - I2C_SPI_UART:inst|SPI_BUFFER[5]                                                                                                               ; 1                 ; 6       ;
;      - I2C_SPI_UART:inst|SPI_BUFFER[13]                                                                                                              ; 1                 ; 6       ;
;      - I2C_SPI_UART:inst|SPI_BUFFER[21]                                                                                                              ; 1                 ; 6       ;
;      - I2C_SPI_UART:inst|I2C_BUFFER[5]                                                                                                               ; 1                 ; 6       ;
;      - I2C_SPI_UART:inst|I2C_BUFFER[13]                                                                                                              ; 1                 ; 6       ;
;      - I2C_SPI_UART:inst|SPI_BUFFER[36]                                                                                                              ; 1                 ; 6       ;
;      - I2C_SPI_UART:inst|SPI_BUFFER[44]                                                                                                              ; 1                 ; 6       ;
;      - I2C_SPI_UART:inst|SPI_BUFFER[28]                                                                                                              ; 1                 ; 6       ;
;      - I2C_SPI_UART:inst|SPI_BUFFER[4]                                                                                                               ; 1                 ; 6       ;
;      - I2C_SPI_UART:inst|SPI_BUFFER[12]                                                                                                              ; 1                 ; 6       ;
;      - I2C_SPI_UART:inst|SPI_BUFFER[20]                                                                                                              ; 1                 ; 6       ;
;      - I2C_SPI_UART:inst|I2C_BUFFER[4]                                                                                                               ; 1                 ; 6       ;
;      - I2C_SPI_UART:inst|I2C_BUFFER[12]                                                                                                              ; 1                 ; 6       ;
;      - I2C_SPI_UART:inst|SPI_BUFFER[39]                                                                                                              ; 1                 ; 6       ;
;      - I2C_SPI_UART:inst|SPI_BUFFER[47]                                                                                                              ; 1                 ; 6       ;
;      - I2C_SPI_UART:inst|SPI_BUFFER[31]                                                                                                              ; 1                 ; 6       ;
;      - I2C_SPI_UART:inst|SPI_BUFFER[7]                                                                                                               ; 1                 ; 6       ;
;      - I2C_SPI_UART:inst|SPI_BUFFER[15]                                                                                                              ; 1                 ; 6       ;
;      - I2C_SPI_UART:inst|SPI_BUFFER[23]                                                                                                              ; 1                 ; 6       ;
;      - I2C_SPI_UART:inst|I2C_BUFFER[7]                                                                                                               ; 1                 ; 6       ;
;      - I2C_SPI_UART:inst|I2C_BUFFER[15]                                                                                                              ; 1                 ; 6       ;
;      - I2C_SPI_UART:inst|RETURN_STATE.IDLE                                                                                                           ; 1                 ; 6       ;
;      - I2C_SPI_UART:inst|RETURN_STATE.DONE                                                                                                           ; 1                 ; 6       ;
;      - I2C_SPI_UART:inst|I2C_BUFFER[2]                                                                                                               ; 1                 ; 6       ;
;      - I2C_SPI_UART:inst|I2C_BUFFER[10]                                                                                                              ; 1                 ; 6       ;
;      - I2C_SPI_UART:inst|SPI_BUFFER[34]                                                                                                              ; 1                 ; 6       ;
;      - I2C_SPI_UART:inst|SPI_BUFFER[42]                                                                                                              ; 1                 ; 6       ;
;      - I2C_SPI_UART:inst|SPI_BUFFER[26]                                                                                                              ; 1                 ; 6       ;
;      - I2C_SPI_UART:inst|SPI_BUFFER[2]                                                                                                               ; 1                 ; 6       ;
;      - I2C_SPI_UART:inst|SPI_BUFFER[10]                                                                                                              ; 1                 ; 6       ;
;      - I2C_SPI_UART:inst|SPI_BUFFER[18]                                                                                                              ; 1                 ; 6       ;
;      - I2C_SPI_UART:inst|SPI_BUFFER[33]                                                                                                              ; 1                 ; 6       ;
;      - I2C_SPI_UART:inst|SPI_BUFFER[41]                                                                                                              ; 1                 ; 6       ;
;      - I2C_SPI_UART:inst|SPI_BUFFER[25]                                                                                                              ; 1                 ; 6       ;
;      - I2C_SPI_UART:inst|SPI_BUFFER[1]                                                                                                               ; 1                 ; 6       ;
;      - I2C_SPI_UART:inst|SPI_BUFFER[9]                                                                                                               ; 1                 ; 6       ;
;      - I2C_SPI_UART:inst|SPI_BUFFER[17]                                                                                                              ; 1                 ; 6       ;
;      - I2C_SPI_UART:inst|I2C_BUFFER[1]                                                                                                               ; 1                 ; 6       ;
;      - I2C_SPI_UART:inst|I2C_BUFFER[9]                                                                                                               ; 1                 ; 6       ;
;      - I2C_SPI_UART:inst|I2C_BUFFER[0]                                                                                                               ; 1                 ; 6       ;
;      - I2C_SPI_UART:inst|I2C_BUFFER[8]                                                                                                               ; 1                 ; 6       ;
;      - I2C_SPI_UART:inst|SPI_BUFFER[32]                                                                                                              ; 1                 ; 6       ;
;      - I2C_SPI_UART:inst|SPI_BUFFER[40]                                                                                                              ; 1                 ; 6       ;
;      - I2C_SPI_UART:inst|SPI_BUFFER[24]                                                                                                              ; 1                 ; 6       ;
;      - I2C_SPI_UART:inst|SPI_BUFFER[0]                                                                                                               ; 1                 ; 6       ;
;      - I2C_SPI_UART:inst|SPI_BUFFER[8]                                                                                                               ; 1                 ; 6       ;
;      - I2C_SPI_UART:inst|SPI_BUFFER[16]                                                                                                              ; 1                 ; 6       ;
;      - I2C_SPI_UART:inst|SPI_BUFFER[35]                                                                                                              ; 1                 ; 6       ;
;      - I2C_SPI_UART:inst|SPI_BUFFER[43]                                                                                                              ; 1                 ; 6       ;
;      - I2C_SPI_UART:inst|SPI_BUFFER[27]                                                                                                              ; 1                 ; 6       ;
;      - I2C_SPI_UART:inst|SPI_BUFFER[3]                                                                                                               ; 1                 ; 6       ;
;      - I2C_SPI_UART:inst|SPI_BUFFER[11]                                                                                                              ; 1                 ; 6       ;
;      - I2C_SPI_UART:inst|SPI_BUFFER[19]                                                                                                              ; 1                 ; 6       ;
;      - I2C_SPI_UART:inst|I2C_BUFFER[3]                                                                                                               ; 1                 ; 6       ;
;      - I2C_SPI_UART:inst|I2C_BUFFER[11]                                                                                                              ; 1                 ; 6       ;
;      - SINGLE_SHOT:inst2|STATE.SEND_COMMAND                                                                                                          ; 1                 ; 6       ;
;      - I2C_SPI_UART:inst|SPI_SAMPLE_TICK                                                                                                             ; 1                 ; 6       ;
;      - SINGLE_SHOT:inst2|DATA_VALID                                                                                                                  ; 1                 ; 6       ;
;      - I2C_SPI_UART:inst|I2C_READY_PREV                                                                                                              ; 1                 ; 6       ;
;      - ADXL345:inst1|X_OUT[6]                                                                                                                        ; 1                 ; 6       ;
;      - ADXL345:inst1|READY                                                                                                                           ; 1                 ; 6       ;
;      - I2C_SPI_UART:inst|SPI_READY_PREV                                                                                                              ; 1                 ; 6       ;
;      - ADXL345:inst1|X_OUT[14]                                                                                                                       ; 1                 ; 6       ;
;      - ADXL345:inst1|Y_OUT[14]                                                                                                                       ; 1                 ; 6       ;
;      - ADXL345:inst1|Z_OUT[6]                                                                                                                        ; 1                 ; 6       ;
;      - ADXL345:inst1|Z_OUT[14]                                                                                                                       ; 1                 ; 6       ;
;      - ADXL345:inst1|Y_OUT[6]                                                                                                                        ; 1                 ; 6       ;
;      - SINGLE_SHOT:inst2|ADS1115:U_ADS1115|DATA_OUT[6]                                                                                               ; 1                 ; 6       ;
;      - SINGLE_SHOT:inst2|ADS1115:U_ADS1115|DATA_OUT[14]                                                                                              ; 1                 ; 6       ;
;      - ADXL345:inst1|X_OUT[5]                                                                                                                        ; 1                 ; 6       ;
;      - ADXL345:inst1|X_OUT[13]                                                                                                                       ; 1                 ; 6       ;
;      - ADXL345:inst1|Y_OUT[13]                                                                                                                       ; 1                 ; 6       ;
;      - ADXL345:inst1|Z_OUT[5]                                                                                                                        ; 1                 ; 6       ;
;      - ADXL345:inst1|Z_OUT[13]                                                                                                                       ; 1                 ; 6       ;
;      - ADXL345:inst1|Y_OUT[5]                                                                                                                        ; 1                 ; 6       ;
;      - SINGLE_SHOT:inst2|ADS1115:U_ADS1115|DATA_OUT[5]                                                                                               ; 1                 ; 6       ;
;      - SINGLE_SHOT:inst2|ADS1115:U_ADS1115|DATA_OUT[13]                                                                                              ; 1                 ; 6       ;
;      - ADXL345:inst1|X_OUT[4]                                                                                                                        ; 1                 ; 6       ;
;      - ADXL345:inst1|X_OUT[12]                                                                                                                       ; 1                 ; 6       ;
;      - ADXL345:inst1|Y_OUT[12]                                                                                                                       ; 1                 ; 6       ;
;      - ADXL345:inst1|Z_OUT[4]                                                                                                                        ; 1                 ; 6       ;
;      - ADXL345:inst1|Z_OUT[12]                                                                                                                       ; 1                 ; 6       ;
;      - ADXL345:inst1|Y_OUT[4]                                                                                                                        ; 1                 ; 6       ;
;      - SINGLE_SHOT:inst2|ADS1115:U_ADS1115|DATA_OUT[4]                                                                                               ; 1                 ; 6       ;
;      - SINGLE_SHOT:inst2|ADS1115:U_ADS1115|DATA_OUT[12]                                                                                              ; 1                 ; 6       ;
;      - ADXL345:inst1|X_OUT[7]                                                                                                                        ; 1                 ; 6       ;
;      - ADXL345:inst1|X_OUT[15]                                                                                                                       ; 1                 ; 6       ;
;      - ADXL345:inst1|Y_OUT[15]                                                                                                                       ; 1                 ; 6       ;
;      - ADXL345:inst1|Z_OUT[7]                                                                                                                        ; 1                 ; 6       ;
;      - ADXL345:inst1|Z_OUT[15]                                                                                                                       ; 1                 ; 6       ;
;      - ADXL345:inst1|Y_OUT[7]                                                                                                                        ; 1                 ; 6       ;
;      - SINGLE_SHOT:inst2|ADS1115:U_ADS1115|DATA_OUT[7]                                                                                               ; 1                 ; 6       ;
;      - SINGLE_SHOT:inst2|ADS1115:U_ADS1115|DATA_OUT[15]                                                                                              ; 1                 ; 6       ;
;      - SINGLE_SHOT:inst2|ADS1115:U_ADS1115|DATA_OUT[2]                                                                                               ; 1                 ; 6       ;
;      - SINGLE_SHOT:inst2|ADS1115:U_ADS1115|DATA_OUT[10]                                                                                              ; 1                 ; 6       ;
;      - ADXL345:inst1|X_OUT[2]                                                                                                                        ; 1                 ; 6       ;
;      - ADXL345:inst1|X_OUT[10]                                                                                                                       ; 1                 ; 6       ;
;      - ADXL345:inst1|Y_OUT[10]                                                                                                                       ; 1                 ; 6       ;
;      - ADXL345:inst1|Z_OUT[2]                                                                                                                        ; 1                 ; 6       ;
;      - ADXL345:inst1|Z_OUT[10]                                                                                                                       ; 1                 ; 6       ;
;      - ADXL345:inst1|Y_OUT[2]                                                                                                                        ; 1                 ; 6       ;
;      - ADXL345:inst1|X_OUT[1]                                                                                                                        ; 1                 ; 6       ;
;      - ADXL345:inst1|X_OUT[9]                                                                                                                        ; 1                 ; 6       ;
;      - ADXL345:inst1|Y_OUT[9]                                                                                                                        ; 1                 ; 6       ;
;      - ADXL345:inst1|Z_OUT[1]                                                                                                                        ; 1                 ; 6       ;
;      - ADXL345:inst1|Z_OUT[9]                                                                                                                        ; 1                 ; 6       ;
;      - ADXL345:inst1|Y_OUT[1]                                                                                                                        ; 1                 ; 6       ;
;      - SINGLE_SHOT:inst2|ADS1115:U_ADS1115|DATA_OUT[1]                                                                                               ; 1                 ; 6       ;
;      - SINGLE_SHOT:inst2|ADS1115:U_ADS1115|DATA_OUT[9]                                                                                               ; 1                 ; 6       ;
;      - SINGLE_SHOT:inst2|ADS1115:U_ADS1115|DATA_OUT[0]                                                                                               ; 1                 ; 6       ;
;      - SINGLE_SHOT:inst2|ADS1115:U_ADS1115|DATA_OUT[8]                                                                                               ; 1                 ; 6       ;
;      - ADXL345:inst1|X_OUT[0]                                                                                                                        ; 1                 ; 6       ;
;      - ADXL345:inst1|X_OUT[8]                                                                                                                        ; 1                 ; 6       ;
;      - ADXL345:inst1|Y_OUT[8]                                                                                                                        ; 1                 ; 6       ;
;      - ADXL345:inst1|Z_OUT[0]                                                                                                                        ; 1                 ; 6       ;
;      - ADXL345:inst1|Z_OUT[8]                                                                                                                        ; 1                 ; 6       ;
;      - ADXL345:inst1|Y_OUT[0]                                                                                                                        ; 1                 ; 6       ;
;      - ADXL345:inst1|X_OUT[3]                                                                                                                        ; 1                 ; 6       ;
;      - ADXL345:inst1|X_OUT[11]                                                                                                                       ; 1                 ; 6       ;
;      - ADXL345:inst1|Y_OUT[11]                                                                                                                       ; 1                 ; 6       ;
;      - ADXL345:inst1|Z_OUT[3]                                                                                                                        ; 1                 ; 6       ;
;      - ADXL345:inst1|Z_OUT[11]                                                                                                                       ; 1                 ; 6       ;
;      - ADXL345:inst1|Y_OUT[3]                                                                                                                        ; 1                 ; 6       ;
;      - SINGLE_SHOT:inst2|ADS1115:U_ADS1115|DATA_OUT[3]                                                                                               ; 1                 ; 6       ;
;      - SINGLE_SHOT:inst2|ADS1115:U_ADS1115|DATA_OUT[11]                                                                                              ; 1                 ; 6       ;
;      - ADXL345:inst1|DATA[3]                                                                                                                         ; 1                 ; 6       ;
;      - I2C_SPI_UART:inst|SPI_SAMPLE_TIMER[21]                                                                                                        ; 1                 ; 6       ;
;      - I2C_SPI_UART:inst|SPI_SAMPLE_TIMER[18]                                                                                                        ; 1                 ; 6       ;
;      - I2C_SPI_UART:inst|SPI_SAMPLE_TIMER[20]                                                                                                        ; 1                 ; 6       ;
;      - I2C_SPI_UART:inst|SPI_SAMPLE_TIMER[19]                                                                                                        ; 1                 ; 6       ;
;      - I2C_SPI_UART:inst|SPI_SAMPLE_TIMER[17]                                                                                                        ; 1                 ; 6       ;
;      - I2C_SPI_UART:inst|SPI_SAMPLE_TIMER[16]                                                                                                        ; 1                 ; 6       ;
;      - I2C_SPI_UART:inst|SPI_SAMPLE_TIMER[15]                                                                                                        ; 1                 ; 6       ;
;      - I2C_SPI_UART:inst|SPI_SAMPLE_TIMER[14]                                                                                                        ; 1                 ; 6       ;
;      - I2C_SPI_UART:inst|SPI_SAMPLE_TIMER[13]                                                                                                        ; 1                 ; 6       ;
;      - I2C_SPI_UART:inst|SPI_SAMPLE_TIMER[10]                                                                                                        ; 1                 ; 6       ;
;      - I2C_SPI_UART:inst|SPI_SAMPLE_TIMER[12]                                                                                                        ; 1                 ; 6       ;
;      - I2C_SPI_UART:inst|SPI_SAMPLE_TIMER[11]                                                                                                        ; 1                 ; 6       ;
;      - I2C_SPI_UART:inst|SPI_SAMPLE_TIMER[8]                                                                                                         ; 1                 ; 6       ;
;      - I2C_SPI_UART:inst|SPI_SAMPLE_TIMER[7]                                                                                                         ; 1                 ; 6       ;
;      - I2C_SPI_UART:inst|SPI_SAMPLE_TIMER[9]                                                                                                         ; 1                 ; 6       ;
;      - I2C_SPI_UART:inst|SPI_SAMPLE_TIMER[6]                                                                                                         ; 1                 ; 6       ;
;      - I2C_SPI_UART:inst|SPI_SAMPLE_TIMER[4]                                                                                                         ; 1                 ; 6       ;
;      - I2C_SPI_UART:inst|SPI_SAMPLE_TIMER[3]                                                                                                         ; 1                 ; 6       ;
;      - I2C_SPI_UART:inst|SPI_SAMPLE_TIMER[2]                                                                                                         ; 1                 ; 6       ;
;      - I2C_SPI_UART:inst|SPI_SAMPLE_TIMER[5]                                                                                                         ; 1                 ; 6       ;
;      - I2C_SPI_UART:inst|SPI_SAMPLE_TIMER[1]                                                                                                         ; 1                 ; 6       ;
;      - I2C_SPI_UART:inst|SPI_SAMPLE_TIMER[0]                                                                                                         ; 1                 ; 6       ;
;      - ADXL345:inst1|SPI_DRIVER:SPI_DRIVER_INST|RX_DATA[6]                                                                                           ; 1                 ; 6       ;
;      - SINGLE_SHOT:inst2|ADS1115:U_ADS1115|I2C:U_I2C|DATA_RD[6]                                                                                      ; 1                 ; 6       ;
;      - ADXL345:inst1|SPI_DRIVER:SPI_DRIVER_INST|RX_DATA[5]                                                                                           ; 1                 ; 6       ;
;      - SINGLE_SHOT:inst2|ADS1115:U_ADS1115|I2C:U_I2C|DATA_RD[5]                                                                                      ; 1                 ; 6       ;
;      - ADXL345:inst1|SPI_DRIVER:SPI_DRIVER_INST|RX_DATA[4]                                                                                           ; 1                 ; 6       ;
;      - SINGLE_SHOT:inst2|ADS1115:U_ADS1115|I2C:U_I2C|DATA_RD[4]                                                                                      ; 1                 ; 6       ;
;      - ADXL345:inst1|SPI_DRIVER:SPI_DRIVER_INST|RX_DATA[7]                                                                                           ; 1                 ; 6       ;
;      - SINGLE_SHOT:inst2|ADS1115:U_ADS1115|I2C:U_I2C|DATA_RD[7]                                                                                      ; 1                 ; 6       ;
;      - SINGLE_SHOT:inst2|ADS1115:U_ADS1115|I2C:U_I2C|DATA_RD[2]                                                                                      ; 1                 ; 6       ;
;      - ADXL345:inst1|SPI_DRIVER:SPI_DRIVER_INST|RX_DATA[2]                                                                                           ; 1                 ; 6       ;
;      - ADXL345:inst1|SPI_DRIVER:SPI_DRIVER_INST|RX_DATA[1]                                                                                           ; 1                 ; 6       ;
;      - SINGLE_SHOT:inst2|ADS1115:U_ADS1115|I2C:U_I2C|DATA_RD[1]                                                                                      ; 1                 ; 6       ;
;      - SINGLE_SHOT:inst2|ADS1115:U_ADS1115|I2C:U_I2C|DATA_RD[0]                                                                                      ; 1                 ; 6       ;
;      - ADXL345:inst1|SPI_DRIVER:SPI_DRIVER_INST|RX_DATA[0]                                                                                           ; 1                 ; 6       ;
;      - ADXL345:inst1|SPI_DRIVER:SPI_DRIVER_INST|RX_DATA[3]                                                                                           ; 1                 ; 6       ;
;      - SINGLE_SHOT:inst2|ADS1115:U_ADS1115|I2C:U_I2C|DATA_RD[3]                                                                                      ; 1                 ; 6       ;
;      - ADXL345:inst1|SPI_DRIVER:SPI_DRIVER_INST|SPI:SPI_INST|DATA_RD[6]                                                                              ; 1                 ; 6       ;
;      - ADXL345:inst1|SPI_DRIVER:SPI_DRIVER_INST|SPI:SPI_INST|DATA_RD[5]                                                                              ; 1                 ; 6       ;
;      - ADXL345:inst1|SPI_DRIVER:SPI_DRIVER_INST|SPI:SPI_INST|DATA_RD[4]                                                                              ; 1                 ; 6       ;
;      - ADXL345:inst1|SPI_DRIVER:SPI_DRIVER_INST|SPI:SPI_INST|DATA_RD[7]                                                                              ; 1                 ; 6       ;
;      - ADXL345:inst1|SPI_DRIVER:SPI_DRIVER_INST|SPI:SPI_INST|DATA_RD[2]                                                                              ; 1                 ; 6       ;
;      - ADXL345:inst1|SPI_DRIVER:SPI_DRIVER_INST|SPI:SPI_INST|DATA_RD[1]                                                                              ; 1                 ; 6       ;
;      - ADXL345:inst1|SPI_DRIVER:SPI_DRIVER_INST|SPI:SPI_INST|DATA_RD[0]                                                                              ; 1                 ; 6       ;
;      - ADXL345:inst1|SPI_DRIVER:SPI_DRIVER_INST|SPI:SPI_INST|DATA_RD[3]                                                                              ; 1                 ; 6       ;
;      - ADXL345:inst1|DATA[1]                                                                                                                         ; 1                 ; 6       ;
;      - SINGLE_SHOT:inst2|ADS1115:U_ADS1115|I2C:U_I2C|Decoder0~1                                                                                      ; 1                 ; 6       ;
;      - ADXL345:inst1|DATA[0]                                                                                                                         ; 1                 ; 6       ;
;      - ADXL345:inst1|SPI_DRIVER:SPI_DRIVER_INST|SPI:SPI_INST|RX_DATA[7]~0                                                                            ; 1                 ; 6       ;
;      - I2C_SPI_UART:inst|FIFO:FIFO_inst|scfifo:scfifo_component|scfifo_ep11:auto_generated|a_dpfifo_lv11:dpfifo|altsyncram_cvl1:FIFOram|ram_block1a0 ; 1                 ; 6       ;
; MISO                                                                                                                                                 ;                   ;         ;
;      - ADXL345:inst1|SPI_DRIVER:SPI_DRIVER_INST|SPI:SPI_INST|RX_DATA[0]~feeder                                                                       ; 0                 ; 6       ;
+------------------------------------------------------------------------------------------------------------------------------------------------------+-------------------+---------+


+-----------------------------------------------------------------------------------------------------------------------------------------------------------------------------------------------------------------------------------------------------------------------------------------------------+
; Control Signals                                                                                                                                                                                                                                                                                     ;
+---------------------------------------------------------------------------------------------------------------------------------------------+--------------------+---------+-----------------------------------------+--------+----------------------+------------------+---------------------------+
; Name                                                                                                                                        ; Location           ; Fan-Out ; Usage                                   ; Global ; Global Resource Used ; Global Line Name ; Enable Signal Source Name ;
+---------------------------------------------------------------------------------------------------------------------------------------------+--------------------+---------+-----------------------------------------+--------+----------------------+------------------+---------------------------+
; ADXL345:inst1|DATA[3]~0                                                                                                                     ; LCCOMB_X18_Y7_N24  ; 3       ; Clock enable                            ; no     ; --                   ; --               ; --                        ;
; ADXL345:inst1|DELAY[13]~58                                                                                                                  ; LCCOMB_X18_Y12_N22 ; 20      ; Sync. clear                             ; no     ; --                   ; --               ; --                        ;
; ADXL345:inst1|DELAY[13]~59                                                                                                                  ; LCCOMB_X18_Y13_N6  ; 20      ; Clock enable                            ; no     ; --                   ; --               ; --                        ;
; ADXL345:inst1|Mux24~0                                                                                                                       ; LCCOMB_X22_Y10_N16 ; 8       ; Clock enable                            ; no     ; --                   ; --               ; --                        ;
; ADXL345:inst1|Mux24~1                                                                                                                       ; LCCOMB_X22_Y10_N14 ; 8       ; Clock enable                            ; no     ; --                   ; --               ; --                        ;
; ADXL345:inst1|Mux24~2                                                                                                                       ; LCCOMB_X22_Y10_N12 ; 8       ; Clock enable                            ; no     ; --                   ; --               ; --                        ;
; ADXL345:inst1|Mux24~3                                                                                                                       ; LCCOMB_X22_Y10_N30 ; 8       ; Clock enable                            ; no     ; --                   ; --               ; --                        ;
; ADXL345:inst1|Mux24~4                                                                                                                       ; LCCOMB_X22_Y10_N20 ; 8       ; Clock enable                            ; no     ; --                   ; --               ; --                        ;
; ADXL345:inst1|Mux24~5                                                                                                                       ; LCCOMB_X22_Y10_N6  ; 8       ; Clock enable                            ; no     ; --                   ; --               ; --                        ;
; ADXL345:inst1|N[10]~3                                                                                                                       ; LCCOMB_X19_Y11_N24 ; 6       ; Clock enable                            ; no     ; --                   ; --               ; --                        ;
; ADXL345:inst1|SPI_DRIVER:SPI_DRIVER_INST|N_REG[0]~0                                                                                         ; LCCOMB_X19_Y11_N8  ; 11      ; Clock enable                            ; no     ; --                   ; --               ; --                        ;
; ADXL345:inst1|SPI_DRIVER:SPI_DRIVER_INST|RX_DATA[7]~0                                                                                       ; LCCOMB_X20_Y10_N8  ; 8       ; Clock enable                            ; no     ; --                   ; --               ; --                        ;
; ADXL345:inst1|SPI_DRIVER:SPI_DRIVER_INST|SPI:SPI_INST|COUNT[30]~1                                                                           ; LCCOMB_X24_Y14_N24 ; 32      ; Clock enable                            ; no     ; --                   ; --               ; --                        ;
; ADXL345:inst1|SPI_DRIVER:SPI_DRIVER_INST|SPI:SPI_INST|COUNT_T[1]~1                                                                          ; LCCOMB_X24_Y12_N2  ; 7       ; Clock enable                            ; no     ; --                   ; --               ; --                        ;
; ADXL345:inst1|SPI_DRIVER:SPI_DRIVER_INST|SPI:SPI_INST|DATA_RD[7]~0                                                                          ; LCCOMB_X24_Y10_N8  ; 8       ; Clock enable                            ; no     ; --                   ; --               ; --                        ;
; ADXL345:inst1|SPI_DRIVER:SPI_DRIVER_INST|SPI:SPI_INST|MOSI~0                                                                                ; LCCOMB_X23_Y12_N24 ; 2       ; Clock enable                            ; no     ; --                   ; --               ; --                        ;
; ADXL345:inst1|SPI_DRIVER:SPI_DRIVER_INST|SPI:SPI_INST|MOSI~en                                                                               ; FF_X24_Y12_N11     ; 1       ; Output enable                           ; no     ; --                   ; --               ; --                        ;
; ADXL345:inst1|SPI_DRIVER:SPI_DRIVER_INST|SPI:SPI_INST|RX_DATA[7]~2                                                                          ; LCCOMB_X24_Y10_N24 ; 8       ; Clock enable                            ; no     ; --                   ; --               ; --                        ;
; ADXL345:inst1|SPI_DRIVER:SPI_DRIVER_INST|SPI:SPI_INST|STATE                                                                                 ; FF_X24_Y14_N21     ; 31      ; Sync. clear, Sync. load                 ; no     ; --                   ; --               ; --                        ;
; ADXL345:inst1|SPI_DRIVER:SPI_DRIVER_INST|SPI:SPI_INST|TX_DATA[7]~2                                                                          ; LCCOMB_X23_Y12_N12 ; 7       ; Clock enable                            ; no     ; --                   ; --               ; --                        ;
; ADXL345:inst1|SPI_DRIVER:SPI_DRIVER_INST|SPI_DATA_WR[6]~12                                                                                  ; LCCOMB_X20_Y11_N14 ; 7       ; Clock enable                            ; no     ; --                   ; --               ; --                        ;
; ADXL345:inst1|SPI_DRIVER:SPI_DRIVER_INST|STATE.START                                                                                        ; FF_X20_Y11_N19     ; 7       ; Sync. clear                             ; no     ; --                   ; --               ; --                        ;
; ADXL345:inst1|SPI_DRIVER:SPI_DRIVER_INST|STATE.WAIT_SPI_LOW                                                                                 ; FF_X18_Y11_N13     ; 39      ; Sync. clear                             ; no     ; --                   ; --               ; --                        ;
; ADXL345:inst1|STATE.CAPTURE                                                                                                                 ; FF_X22_Y10_N29     ; 12      ; Clock enable                            ; no     ; --                   ; --               ; --                        ;
; ADXL345:inst1|STATE.START_READ                                                                                                              ; FF_X19_Y11_N11     ; 9       ; Sync. clear, Sync. load                 ; no     ; --                   ; --               ; --                        ;
; CLK                                                                                                                                         ; PIN_26             ; 670     ; Clock                                   ; yes    ; Global Clock         ; GCLK2            ; --                        ;
; I2C_SPI_UART:inst|CHECKSUM_ACC[2]~0                                                                                                         ; LCCOMB_X19_Y8_N6   ; 10      ; Clock enable                            ; no     ; --                   ; --               ; --                        ;
; I2C_SPI_UART:inst|FIFO:FIFO_inst|scfifo:scfifo_component|scfifo_ep11:auto_generated|a_dpfifo_lv11:dpfifo|a_fefifo_u7e:fifo_state|_~0        ; LCCOMB_X19_Y9_N22  ; 7       ; Clock enable                            ; no     ; --                   ; --               ; --                        ;
; I2C_SPI_UART:inst|FIFO:FIFO_inst|scfifo:scfifo_component|scfifo_ep11:auto_generated|a_dpfifo_lv11:dpfifo|a_fefifo_u7e:fifo_state|valid_rreq ; LCCOMB_X18_Y11_N10 ; 8       ; Clock enable                            ; no     ; --                   ; --               ; --                        ;
; I2C_SPI_UART:inst|FIFO:FIFO_inst|scfifo:scfifo_component|scfifo_ep11:auto_generated|a_dpfifo_lv11:dpfifo|a_fefifo_u7e:fifo_state|valid_wreq ; LCCOMB_X19_Y8_N0   ; 14      ; Clock enable, Write enable              ; no     ; --                   ; --               ; --                        ;
; I2C_SPI_UART:inst|I2C_ACTIVE_BUFFER[15]~0                                                                                                   ; LCCOMB_X18_Y6_N20  ; 17      ; Clock enable                            ; no     ; --                   ; --               ; --                        ;
; I2C_SPI_UART:inst|PACKET_BUILDER_PROC~0                                                                                                     ; LCCOMB_X25_Y3_N26  ; 17      ; Clock enable                            ; no     ; --                   ; --               ; --                        ;
; I2C_SPI_UART:inst|PACKET_BUILDER_PROC~1                                                                                                     ; LCCOMB_X25_Y6_N28  ; 48      ; Clock enable                            ; no     ; --                   ; --               ; --                        ;
; I2C_SPI_UART:inst|RETURN_STATE~28                                                                                                           ; LCCOMB_X19_Y8_N12  ; 35      ; Sync. clear                             ; no     ; --                   ; --               ; --                        ;
; I2C_SPI_UART:inst|SPI_ACTIVE_BUFFER[47]~0                                                                                                   ; LCCOMB_X18_Y6_N22  ; 49      ; Clock enable                            ; no     ; --                   ; --               ; --                        ;
; I2C_SPI_UART:inst|STATE.PAYLOAD                                                                                                             ; FF_X22_Y6_N29      ; 27      ; Sync. clear                             ; no     ; --                   ; --               ; --                        ;
; I2C_SPI_UART:inst|Selector11~0                                                                                                              ; LCCOMB_X19_Y7_N30  ; 35      ; Clock enable                            ; no     ; --                   ; --               ; --                        ;
; I2C_SPI_UART:inst|Selector7~3                                                                                                               ; LCCOMB_X19_Y6_N20  ; 2       ; Clock enable                            ; no     ; --                   ; --               ; --                        ;
; I2C_SPI_UART:inst|UART_STATE.U_LATCH                                                                                                        ; FF_X18_Y11_N15     ; 2       ; Clock enable                            ; no     ; --                   ; --               ; --                        ;
; I2C_SPI_UART:inst|data_sig[6]~0                                                                                                             ; LCCOMB_X19_Y8_N28  ; 6       ; Clock enable                            ; no     ; --                   ; --               ; --                        ;
; RESET                                                                                                                                       ; PIN_74             ; 569     ; Async. clear, Clock enable, Sync. clear ; no     ; --                   ; --               ; --                        ;
; SINGLE_SHOT:inst2|ADS1115:U_ADS1115|BYTE_COUNT[1]~2                                                                                         ; LCCOMB_X29_Y3_N8   ; 2       ; Clock enable                            ; no     ; --                   ; --               ; --                        ;
; SINGLE_SHOT:inst2|ADS1115:U_ADS1115|DATA_OUT[15]~1                                                                                          ; LCCOMB_X27_Y3_N14  ; 8       ; Clock enable                            ; no     ; --                   ; --               ; --                        ;
; SINGLE_SHOT:inst2|ADS1115:U_ADS1115|DATA_OUT[7]~0                                                                                           ; LCCOMB_X27_Y3_N4   ; 8       ; Clock enable                            ; no     ; --                   ; --               ; --                        ;
; SINGLE_SHOT:inst2|ADS1115:U_ADS1115|DATA_WR[7]~0                                                                                            ; LCCOMB_X27_Y3_N8   ; 4       ; Clock enable                            ; no     ; --                   ; --               ; --                        ;
; SINGLE_SHOT:inst2|ADS1115:U_ADS1115|I2C:U_I2C|ADDR_RW[0]~3                                                                                  ; LCCOMB_X23_Y3_N16  ; 5       ; Clock enable                            ; no     ; --                   ; --               ; --                        ;
; SINGLE_SHOT:inst2|ADS1115:U_ADS1115|I2C:U_I2C|BIT_CNT[2]~0                                                                                  ; LCCOMB_X23_Y3_N10  ; 3       ; Clock enable                            ; no     ; --                   ; --               ; --                        ;
; SINGLE_SHOT:inst2|ADS1115:U_ADS1115|I2C:U_I2C|DATA_RD[7]~3                                                                                  ; LCCOMB_X23_Y3_N2   ; 8       ; Clock enable                            ; no     ; --                   ; --               ; --                        ;
; SINGLE_SHOT:inst2|ADS1115:U_ADS1115|I2C:U_I2C|process_1~0                                                                                   ; LCCOMB_X23_Y3_N6   ; 12      ; Clock enable                            ; no     ; --                   ; --               ; --                        ;
; SINGLE_SHOT:inst2|ADS1115:U_ADS1115|STATE_AFTER_WAIT.CONFIGURE~0                                                                            ; LCCOMB_X27_Y3_N6   ; 2       ; Clock enable                            ; no     ; --                   ; --               ; --                        ;
; SINGLE_SHOT:inst2|ADS1115:U_ADS1115|Selector5~3                                                                                             ; LCCOMB_X28_Y3_N24  ; 2       ; Clock enable                            ; no     ; --                   ; --               ; --                        ;
; SINGLE_SHOT:inst2|ADS1115:U_ADS1115|WAIT_COUNT[26]~96                                                                                       ; LCCOMB_X29_Y3_N6   ; 32      ; Sync. clear                             ; no     ; --                   ; --               ; --                        ;
; SINGLE_SHOT:inst2|ADS1115:U_ADS1115|WAIT_COUNT[26]~97                                                                                       ; LCCOMB_X29_Y3_N0   ; 32      ; Clock enable                            ; no     ; --                   ; --               ; --                        ;
; UART:inst6|BAUD_GEN:BAUD_GEN_INST|DIV16_CNT[1]~1                                                                                            ; LCCOMB_X27_Y4_N2   ; 4       ; Clock enable                            ; no     ; --                   ; --               ; --                        ;
; UART:inst6|DATA_IN[7]~0                                                                                                                     ; LCCOMB_X27_Y6_N20  ; 11      ; Clock enable                            ; no     ; --                   ; --               ; --                        ;
; UART:inst6|UART_TX:UART_TX_INST|SHIFT_REG[7]~0                                                                                              ; LCCOMB_X27_Y6_N8   ; 8       ; Clock enable                            ; no     ; --                   ; --               ; --                        ;
; UART:inst6|UART_TX:UART_TX_INST|STATE~12                                                                                                    ; LCCOMB_X28_Y6_N24  ; 2       ; Clock enable                            ; no     ; --                   ; --               ; --                        ;
; UART:inst6|UART_TX:UART_TX_INST|TX_REG~0                                                                                                    ; LCCOMB_X28_Y6_N4   ; 4       ; Clock enable                            ; no     ; --                   ; --               ; --                        ;
+---------------------------------------------------------------------------------------------------------------------------------------------+--------------------+---------+-----------------------------------------+--------+----------------------+------------------+---------------------------+


+----------------------------------------------------------------------------------------------------------------------------------------+
; Global & Other Fast Signals                                                                                                            ;
+------+----------+---------+--------------------------------------+----------------------+------------------+---------------------------+
; Name ; Location ; Fan-Out ; Fan-Out Using Intentional Clock Skew ; Global Resource Used ; Global Line Name ; Enable Signal Source Name ;
+------+----------+---------+--------------------------------------+----------------------+------------------+---------------------------+
; CLK  ; PIN_26   ; 670     ; 29                                   ; Global Clock         ; GCLK2            ; --                        ;
+------+----------+---------+--------------------------------------+----------------------+------------------+---------------------------+


+---------------------------------+
; Non-Global High Fan-Out Signals ;
+-------------+-------------------+
; Name        ; Fan-Out           ;
+-------------+-------------------+
; RESET~input ; 569               ;
+-------------+-------------------+


+------------------------------------------------------------------------------------------------------------------------------------------------------------------------------------------------------------------------------------------------------------------------------------------------------------------------------------------------------------------------------------------------------------------------------------------------------------------------------------------------------------------------------------------------------------------------------------------------------------------------------------------------------------------------+
; Fitter RAM Summary                                                                                                                                                                                                                                                                                                                                                                                                                                                                                                                                                                                                                                                     ;
+---------------------------------------------------------------------------------------------------------------------------------------------+------+------------------+--------------+--------------+--------------+--------------+--------------+------------------------+-------------------------+------------------------+-------------------------+------+-----------------------------+-----------------------------+-----------------------------+-----------------------------+---------------------+------+------+---------------+----------------------+------------------------+------------------------+----------+------------------------+---------------+
; Name                                                                                                                                        ; Type ; Mode             ; Clock Mode   ; Port A Depth ; Port A Width ; Port B Depth ; Port B Width ; Port A Input Registers ; Port A Output Registers ; Port B Input Registers ; Port B Output Registers ; Size ; Implementation Port A Depth ; Implementation Port A Width ; Implementation Port B Depth ; Implementation Port B Width ; Implementation Bits ; M9Ks ; MIF  ; Location      ; Mixed Width RDW Mode ; Port A RDW Mode        ; Port B RDW Mode        ; ECC Mode ; ECC Pipeline Registers ; Fits in MLABs ;
+---------------------------------------------------------------------------------------------------------------------------------------------+------+------------------+--------------+--------------+--------------+--------------+--------------+------------------------+-------------------------+------------------------+-------------------------+------+-----------------------------+-----------------------------+-----------------------------+-----------------------------+---------------------+------+------+---------------+----------------------+------------------------+------------------------+----------+------------------------+---------------+
; I2C_SPI_UART:inst|FIFO:FIFO_inst|scfifo:scfifo_component|scfifo_ep11:auto_generated|a_dpfifo_lv11:dpfifo|altsyncram_cvl1:FIFOram|ALTSYNCRAM ; AUTO ; Simple Dual Port ; Single Clock ; 128          ; 8            ; 128          ; 8            ; yes                    ; no                      ; yes                    ; yes                     ; 1024 ; 128                         ; 8                           ; 128                         ; 8                           ; 1024                ; 1    ; None ; M9K_X26_Y7_N0 ; Don't care           ; New data with NBE Read ; New data with NBE Read ; Off      ; No                     ; No - Unknown  ;
+---------------------------------------------------------------------------------------------------------------------------------------------+------+------------------+--------------+--------------+--------------+--------------+--------------+------------------------+-------------------------+------------------------+-------------------------+------+-----------------------------+-----------------------------+-----------------------------+-----------------------------+---------------------+------+------+---------------+----------------------+------------------------+------------------------+----------+------------------------+---------------+
Note: Fitter may spread logical memories into multiple blocks to improve timing. The actual required RAM blocks can be found in the Fitter Resource Usage section.


+------------------------------------------------+
; Routing Usage Summary                          ;
+-----------------------+------------------------+
; Routing Resource Type ; Usage                  ;
+-----------------------+------------------------+
; Block interconnects   ; 1,118 / 27,275 ( 4 % ) ;
; C16 interconnects     ; 4 / 1,240 ( < 1 % )    ;
; C4 interconnects      ; 346 / 20,832 ( 2 % )   ;
; Direct links          ; 406 / 27,275 ( 1 % )   ;
; Global clocks         ; 1 / 10 ( 10 % )        ;
; Local interconnects   ; 614 / 8,064 ( 8 % )    ;
; R24 interconnects     ; 9 / 1,320 ( < 1 % )    ;
; R4 interconnects      ; 416 / 28,560 ( 1 % )   ;
+-----------------------+------------------------+


+----------------------------------------------------------------------------+
; LAB Logic Elements                                                         ;
+---------------------------------------------+------------------------------+
; Number of Logic Elements  (Average = 12.67) ; Number of LABs  (Total = 83) ;
+---------------------------------------------+------------------------------+
; 1                                           ; 5                            ;
; 2                                           ; 3                            ;
; 3                                           ; 2                            ;
; 4                                           ; 1                            ;
; 5                                           ; 0                            ;
; 6                                           ; 0                            ;
; 7                                           ; 2                            ;
; 8                                           ; 5                            ;
; 9                                           ; 3                            ;
; 10                                          ; 1                            ;
; 11                                          ; 0                            ;
; 12                                          ; 4                            ;
; 13                                          ; 2                            ;
; 14                                          ; 2                            ;
; 15                                          ; 10                           ;
; 16                                          ; 43                           ;
+---------------------------------------------+------------------------------+


+-------------------------------------------------------------------+
; LAB-wide Signals                                                  ;
+------------------------------------+------------------------------+
; LAB-wide Signals  (Average = 2.39) ; Number of LABs  (Total = 83) ;
+------------------------------------+------------------------------+
; 1 Async. clear                     ; 59                           ;
; 1 Clock                            ; 78                           ;
; 1 Clock enable                     ; 32                           ;
; 1 Sync. clear                      ; 10                           ;
; 1 Sync. load                       ; 3                            ;
; 2 Clock enables                    ; 16                           ;
+------------------------------------+------------------------------+


+-----------------------------------------------------------------------------+
; LAB Signals Sourced                                                         ;
+----------------------------------------------+------------------------------+
; Number of Signals Sourced  (Average = 20.10) ; Number of LABs  (Total = 83) ;
+----------------------------------------------+------------------------------+
; 0                                            ; 0                            ;
; 1                                            ; 2                            ;
; 2                                            ; 3                            ;
; 3                                            ; 0                            ;
; 4                                            ; 3                            ;
; 5                                            ; 1                            ;
; 6                                            ; 2                            ;
; 7                                            ; 0                            ;
; 8                                            ; 2                            ;
; 9                                            ; 0                            ;
; 10                                           ; 1                            ;
; 11                                           ; 1                            ;
; 12                                           ; 0                            ;
; 13                                           ; 1                            ;
; 14                                           ; 3                            ;
; 15                                           ; 3                            ;
; 16                                           ; 2                            ;
; 17                                           ; 2                            ;
; 18                                           ; 1                            ;
; 19                                           ; 5                            ;
; 20                                           ; 3                            ;
; 21                                           ; 6                            ;
; 22                                           ; 3                            ;
; 23                                           ; 5                            ;
; 24                                           ; 3                            ;
; 25                                           ; 2                            ;
; 26                                           ; 3                            ;
; 27                                           ; 9                            ;
; 28                                           ; 7                            ;
; 29                                           ; 2                            ;
; 30                                           ; 2                            ;
; 31                                           ; 1                            ;
; 32                                           ; 5                            ;
+----------------------------------------------+------------------------------+


+--------------------------------------------------------------------------------+
; LAB Signals Sourced Out                                                        ;
+-------------------------------------------------+------------------------------+
; Number of Signals Sourced Out  (Average = 8.75) ; Number of LABs  (Total = 83) ;
+-------------------------------------------------+------------------------------+
; 0                                               ; 0                            ;
; 1                                               ; 6                            ;
; 2                                               ; 7                            ;
; 3                                               ; 5                            ;
; 4                                               ; 4                            ;
; 5                                               ; 6                            ;
; 6                                               ; 3                            ;
; 7                                               ; 6                            ;
; 8                                               ; 6                            ;
; 9                                               ; 8                            ;
; 10                                              ; 4                            ;
; 11                                              ; 1                            ;
; 12                                              ; 4                            ;
; 13                                              ; 4                            ;
; 14                                              ; 1                            ;
; 15                                              ; 5                            ;
; 16                                              ; 10                           ;
; 17                                              ; 0                            ;
; 18                                              ; 0                            ;
; 19                                              ; 1                            ;
; 20                                              ; 0                            ;
; 21                                              ; 1                            ;
; 22                                              ; 0                            ;
; 23                                              ; 0                            ;
; 24                                              ; 0                            ;
; 25                                              ; 1                            ;
+-------------------------------------------------+------------------------------+


+-----------------------------------------------------------------------------+
; LAB Distinct Inputs                                                         ;
+----------------------------------------------+------------------------------+
; Number of Distinct Inputs  (Average = 12.84) ; Number of LABs  (Total = 83) ;
+----------------------------------------------+------------------------------+
; 0                                            ; 0                            ;
; 1                                            ; 0                            ;
; 2                                            ; 2                            ;
; 3                                            ; 2                            ;
; 4                                            ; 8                            ;
; 5                                            ; 4                            ;
; 6                                            ; 1                            ;
; 7                                            ; 5                            ;
; 8                                            ; 2                            ;
; 9                                            ; 3                            ;
; 10                                           ; 3                            ;
; 11                                           ; 4                            ;
; 12                                           ; 6                            ;
; 13                                           ; 5                            ;
; 14                                           ; 6                            ;
; 15                                           ; 4                            ;
; 16                                           ; 5                            ;
; 17                                           ; 7                            ;
; 18                                           ; 3                            ;
; 19                                           ; 1                            ;
; 20                                           ; 0                            ;
; 21                                           ; 2                            ;
; 22                                           ; 0                            ;
; 23                                           ; 0                            ;
; 24                                           ; 1                            ;
; 25                                           ; 2                            ;
; 26                                           ; 1                            ;
; 27                                           ; 1                            ;
; 28                                           ; 2                            ;
; 29                                           ; 0                            ;
; 30                                           ; 0                            ;
; 31                                           ; 1                            ;
; 32                                           ; 0                            ;
; 33                                           ; 0                            ;
; 34                                           ; 0                            ;
; 35                                           ; 0                            ;
; 36                                           ; 0                            ;
; 37                                           ; 1                            ;
+----------------------------------------------+------------------------------+


+------------------------------------------+
; I/O Rules Summary                        ;
+----------------------------------+-------+
; I/O Rules Statistic              ; Total ;
+----------------------------------+-------+
; Total I/O Rules                  ; 30    ;
; Number of I/O Rules Passed       ; 13    ;
; Number of I/O Rules Failed       ; 0     ;
; Number of I/O Rules Unchecked    ; 0     ;
; Number of I/O Rules Inapplicable ; 17    ;
+----------------------------------+-------+


+-----------------------------------------------------------------------------------------------------------------------------------------------------------------------------------------------------------------------------------------------------------------------------------------------------+
; I/O Rules Details                                                                                                                                                                                                                                                                                   ;
+--------------+-----------+-----------------------------------+------------------------------------------------------------------------------------------------------+----------+--------------------------------------------------------------------------+---------------------+-------------------+
; Status       ; ID        ; Category                          ; Rule Description                                                                                     ; Severity ; Information                                                              ; Area                ; Extra Information ;
+--------------+-----------+-----------------------------------+------------------------------------------------------------------------------------------------------+----------+--------------------------------------------------------------------------+---------------------+-------------------+
; Pass         ; IO_000001 ; Capacity Checks                   ; Number of pins in an I/O bank should not exceed the number of locations available.                   ; Critical ; 0 such failures found.                                                   ; I/O                 ;                   ;
; Inapplicable ; IO_000002 ; Capacity Checks                   ; Number of clocks in an I/O bank should not exceed the number of clocks available.                    ; Critical ; No Global Signal assignments found.                                      ; I/O                 ;                   ;
; Pass         ; IO_000003 ; Capacity Checks                   ; Number of pins in a Vrefgroup should not exceed the number of locations available.                   ; Critical ; 0 such failures found.                                                   ; I/O                 ;                   ;
; Inapplicable ; IO_000004 ; Voltage Compatibility Checks      ; The I/O bank should support the requested VCCIO.                                                     ; Critical ; No IOBANK_VCCIO assignments found.                                       ; I/O                 ;                   ;
; Inapplicable ; IO_000005 ; Voltage Compatibility Checks      ; The I/O bank should not have competing VREF values.                                                  ; Critical ; No VREF I/O Standard assignments found.                                  ; I/O                 ;                   ;
; Pass         ; IO_000006 ; Voltage Compatibility Checks      ; The I/O bank should not have competing VCCIO values.                                                 ; Critical ; 0 such failures found.                                                   ; I/O                 ;                   ;
; Pass         ; IO_000007 ; Valid Location Checks             ; Checks for unavailable locations.                                                                    ; Critical ; 0 such failures found.                                                   ; I/O                 ;                   ;
; Inapplicable ; IO_000008 ; Valid Location Checks             ; Checks for reserved locations.                                                                       ; Critical ; No reserved LogicLock region found.                                      ; I/O                 ;                   ;
; Pass         ; IO_000009 ; I/O Properties Checks for One I/O ; The location should support the requested I/O standard.                                              ; Critical ; 0 such failures found.                                                   ; I/O                 ;                   ;
; Pass         ; IO_000010 ; I/O Properties Checks for One I/O ; The location should support the requested I/O direction.                                             ; Critical ; 0 such failures found.                                                   ; I/O                 ;                   ;
; Inapplicable ; IO_000011 ; I/O Properties Checks for One I/O ; The location should support the requested Current Strength.                                          ; Critical ; No Current Strength assignments found.                                   ; I/O                 ;                   ;
; Pass         ; IO_000012 ; I/O Properties Checks for One I/O ; The location should support the requested On Chip Termination value.                                 ; Critical ; 0 such failures found.                                                   ; I/O                 ;                   ;
; Inapplicable ; IO_000013 ; I/O Properties Checks for One I/O ; The location should support the requested Bus Hold value.                                            ; Critical ; No Enable Bus-Hold Circuitry assignments found.                          ; I/O                 ;                   ;
; Inapplicable ; IO_000014 ; I/O Properties Checks for One I/O ; The location should support the requested Weak Pull Up value.                                        ; Critical ; No Weak Pull-Up Resistor assignments found.                              ; I/O                 ;                   ;
; Pass         ; IO_000015 ; I/O Properties Checks for One I/O ; The location should support the requested PCI Clamp Diode.                                           ; Critical ; 0 such failures found.                                                   ; I/O                 ;                   ;
; Inapplicable ; IO_000018 ; I/O Properties Checks for One I/O ; The I/O standard should support the requested Current Strength.                                      ; Critical ; No Current Strength assignments found.                                   ; I/O                 ;                   ;
; Pass         ; IO_000019 ; I/O Properties Checks for One I/O ; The I/O standard should support the requested On Chip Termination value.                             ; Critical ; 0 such failures found.                                                   ; I/O                 ;                   ;
; Pass         ; IO_000020 ; I/O Properties Checks for One I/O ; The I/O standard should support the requested PCI Clamp Diode.                                       ; Critical ; 0 such failures found.                                                   ; I/O                 ;                   ;
; Inapplicable ; IO_000021 ; I/O Properties Checks for One I/O ; The I/O standard should support the requested Weak Pull Up value.                                    ; Critical ; No Weak Pull-Up Resistor assignments found.                              ; I/O                 ;                   ;
; Inapplicable ; IO_000022 ; I/O Properties Checks for One I/O ; The I/O standard should support the requested Bus Hold value.                                        ; Critical ; No Enable Bus-Hold Circuitry assignments found.                          ; I/O                 ;                   ;
; Pass         ; IO_000023 ; I/O Properties Checks for One I/O ; The I/O standard should support the Open Drain value.                                                ; Critical ; 0 such failures found.                                                   ; I/O                 ;                   ;
; Pass         ; IO_000024 ; I/O Properties Checks for One I/O ; The I/O direction should support the On Chip Termination value.                                      ; Critical ; 0 such failures found.                                                   ; I/O                 ;                   ;
; Inapplicable ; IO_000026 ; I/O Properties Checks for One I/O ; On Chip Termination and Current Strength should not be used at the same time.                        ; Critical ; No Current Strength assignments found.                                   ; I/O                 ;                   ;
; Inapplicable ; IO_000027 ; I/O Properties Checks for One I/O ; Weak Pull Up and Bus Hold should not be used at the same time.                                       ; Critical ; No Enable Bus-Hold Circuitry or Weak Pull-Up Resistor assignments found. ; I/O                 ;                   ;
; Inapplicable ; IO_000045 ; I/O Properties Checks for One I/O ; The I/O standard should support the requested Slew Rate value.                                       ; Critical ; No Slew Rate assignments found.                                          ; I/O                 ;                   ;
; Inapplicable ; IO_000046 ; I/O Properties Checks for One I/O ; The location should support the requested Slew Rate value.                                           ; Critical ; No Slew Rate assignments found.                                          ; I/O                 ;                   ;
; Inapplicable ; IO_000047 ; I/O Properties Checks for One I/O ; On Chip Termination and Slew Rate should not be used at the same time.                               ; Critical ; No Slew Rate assignments found.                                          ; I/O                 ;                   ;
; Pass         ; IO_000033 ; Electromigration Checks           ; Current density for consecutive I/Os should not exceed 160mA for row I/Os and 160mA for column I/Os. ; Critical ; 0 such failures found.                                                   ; I/O                 ;                   ;
; Inapplicable ; IO_000034 ; SI Related Distance Checks        ; Single-ended outputs should be 5 LAB row(s) away from a differential I/O.                            ; High     ; No Differential I/O Standard assignments found.                          ; I/O                 ;                   ;
; Inapplicable ; IO_000042 ; SI Related SSO Limit Checks       ; No more than 20 outputs are allowed in a VREF group when VREF is being read from.                    ; High     ; No VREF I/O Standard assignments found.                                  ; I/O                 ;                   ;
; ----         ; ----      ; Disclaimer                        ; OCT rules are checked but not reported.                                                              ; None     ; ----                                                                     ; On Chip Termination ;                   ;
+--------------+-----------+-----------------------------------+------------------------------------------------------------------------------------------------------+----------+--------------------------------------------------------------------------+---------------------+-------------------+


+-----------------------------------------------------------------------------------------------------------------------------------------------------------------------------------------------------------------------------------------------------------------------------------------------------------------------------------------------------------------------------------------------------------------------------------------------------------------+
; I/O Rules Matrix                                                                                                                                                                                                                                                                                                                                                                                                                                                ;
+--------------------+-----------+--------------+-----------+--------------+--------------+-----------+-----------+--------------+-----------+-----------+--------------+--------------+--------------+--------------+--------------+--------------+--------------+--------------+--------------+--------------+--------------+--------------+--------------+--------------+--------------+--------------+--------------+-----------+--------------+--------------+
; Pin/Rules          ; IO_000001 ; IO_000002    ; IO_000003 ; IO_000004    ; IO_000005    ; IO_000006 ; IO_000007 ; IO_000008    ; IO_000009 ; IO_000010 ; IO_000011    ; IO_000012    ; IO_000013    ; IO_000014    ; IO_000015    ; IO_000018    ; IO_000019    ; IO_000020    ; IO_000021    ; IO_000022    ; IO_000023    ; IO_000024    ; IO_000026    ; IO_000027    ; IO_000045    ; IO_000046    ; IO_000047    ; IO_000033 ; IO_000034    ; IO_000042    ;
+--------------------+-----------+--------------+-----------+--------------+--------------+-----------+-----------+--------------+-----------+-----------+--------------+--------------+--------------+--------------+--------------+--------------+--------------+--------------+--------------+--------------+--------------+--------------+--------------+--------------+--------------+--------------+--------------+-----------+--------------+--------------+
; Total Pass         ; 9         ; 0            ; 9         ; 0            ; 0            ; 9         ; 9         ; 0            ; 9         ; 9         ; 0            ; 6            ; 0            ; 0            ; 6            ; 0            ; 6            ; 6            ; 0            ; 0            ; 2            ; 6            ; 0            ; 0            ; 0            ; 0            ; 0            ; 9         ; 0            ; 0            ;
; Total Unchecked    ; 0         ; 0            ; 0         ; 0            ; 0            ; 0         ; 0         ; 0            ; 0         ; 0         ; 0            ; 0            ; 0            ; 0            ; 0            ; 0            ; 0            ; 0            ; 0            ; 0            ; 0            ; 0            ; 0            ; 0            ; 0            ; 0            ; 0            ; 0         ; 0            ; 0            ;
; Total Inapplicable ; 0         ; 9            ; 0         ; 9            ; 9            ; 0         ; 0         ; 9            ; 0         ; 0         ; 9            ; 3            ; 9            ; 9            ; 3            ; 9            ; 3            ; 3            ; 9            ; 9            ; 7            ; 3            ; 9            ; 9            ; 9            ; 9            ; 9            ; 0         ; 9            ; 9            ;
; Total Fail         ; 0         ; 0            ; 0         ; 0            ; 0            ; 0         ; 0         ; 0            ; 0         ; 0         ; 0            ; 0            ; 0            ; 0            ; 0            ; 0            ; 0            ; 0            ; 0            ; 0            ; 0            ; 0            ; 0            ; 0            ; 0            ; 0            ; 0            ; 0         ; 0            ; 0            ;
; MOSI               ; Pass      ; Inapplicable ; Pass      ; Inapplicable ; Inapplicable ; Pass      ; Pass      ; Inapplicable ; Pass      ; Pass      ; Inapplicable ; Pass         ; Inapplicable ; Inapplicable ; Pass         ; Inapplicable ; Pass         ; Pass         ; Inapplicable ; Inapplicable ; Inapplicable ; Pass         ; Inapplicable ; Inapplicable ; Inapplicable ; Inapplicable ; Inapplicable ; Pass      ; Inapplicable ; Inapplicable ;
; SCLK               ; Pass      ; Inapplicable ; Pass      ; Inapplicable ; Inapplicable ; Pass      ; Pass      ; Inapplicable ; Pass      ; Pass      ; Inapplicable ; Pass         ; Inapplicable ; Inapplicable ; Inapplicable ; Inapplicable ; Pass         ; Inapplicable ; Inapplicable ; Inapplicable ; Inapplicable ; Pass         ; Inapplicable ; Inapplicable ; Inapplicable ; Inapplicable ; Inapplicable ; Pass      ; Inapplicable ; Inapplicable ;
; TX                 ; Pass      ; Inapplicable ; Pass      ; Inapplicable ; Inapplicable ; Pass      ; Pass      ; Inapplicable ; Pass      ; Pass      ; Inapplicable ; Pass         ; Inapplicable ; Inapplicable ; Inapplicable ; Inapplicable ; Pass         ; Inapplicable ; Inapplicable ; Inapplicable ; Inapplicable ; Pass         ; Inapplicable ; Inapplicable ; Inapplicable ; Inapplicable ; Inapplicable ; Pass      ; Inapplicable ; Inapplicable ;
; CS[0]              ; Pass      ; Inapplicable ; Pass      ; Inapplicable ; Inapplicable ; Pass      ; Pass      ; Inapplicable ; Pass      ; Pass      ; Inapplicable ; Pass         ; Inapplicable ; Inapplicable ; Inapplicable ; Inapplicable ; Pass         ; Inapplicable ; Inapplicable ; Inapplicable ; Inapplicable ; Pass         ; Inapplicable ; Inapplicable ; Inapplicable ; Inapplicable ; Inapplicable ; Pass      ; Inapplicable ; Inapplicable ;
; SDA                ; Pass      ; Inapplicable ; Pass      ; Inapplicable ; Inapplicable ; Pass      ; Pass      ; Inapplicable ; Pass      ; Pass      ; Inapplicable ; Pass         ; Inapplicable ; Inapplicable ; Pass         ; Inapplicable ; Pass         ; Pass         ; Inapplicable ; Inapplicable ; Pass         ; Pass         ; Inapplicable ; Inapplicable ; Inapplicable ; Inapplicable ; Inapplicable ; Pass      ; Inapplicable ; Inapplicable ;
; SCL                ; Pass      ; Inapplicable ; Pass      ; Inapplicable ; Inapplicable ; Pass      ; Pass      ; Inapplicable ; Pass      ; Pass      ; Inapplicable ; Pass         ; Inapplicable ; Inapplicable ; Pass         ; Inapplicable ; Pass         ; Pass         ; Inapplicable ; Inapplicable ; Pass         ; Pass         ; Inapplicable ; Inapplicable ; Inapplicable ; Inapplicable ; Inapplicable ; Pass      ; Inapplicable ; Inapplicable ;
; CLK                ; Pass      ; Inapplicable ; Pass      ; Inapplicable ; Inapplicable ; Pass      ; Pass      ; Inapplicable ; Pass      ; Pass      ; Inapplicable ; Inapplicable ; Inapplicable ; Inapplicable ; Pass         ; Inapplicable ; Inapplicable ; Pass         ; Inapplicable ; Inapplicable ; Inapplicable ; Inapplicable ; Inapplicable ; Inapplicable ; Inapplicable ; Inapplicable ; Inapplicable ; Pass      ; Inapplicable ; Inapplicable ;
; RESET              ; Pass      ; Inapplicable ; Pass      ; Inapplicable ; Inapplicable ; Pass      ; Pass      ; Inapplicable ; Pass      ; Pass      ; Inapplicable ; Inapplicable ; Inapplicable ; Inapplicable ; Pass         ; Inapplicable ; Inapplicable ; Pass         ; Inapplicable ; Inapplicable ; Inapplicable ; Inapplicable ; Inapplicable ; Inapplicable ; Inapplicable ; Inapplicable ; Inapplicable ; Pass      ; Inapplicable ; Inapplicable ;
; MISO               ; Pass      ; Inapplicable ; Pass      ; Inapplicable ; Inapplicable ; Pass      ; Pass      ; Inapplicable ; Pass      ; Pass      ; Inapplicable ; Inapplicable ; Inapplicable ; Inapplicable ; Pass         ; Inapplicable ; Inapplicable ; Pass         ; Inapplicable ; Inapplicable ; Inapplicable ; Inapplicable ; Inapplicable ; Inapplicable ; Inapplicable ; Inapplicable ; Inapplicable ; Pass      ; Inapplicable ; Inapplicable ;
+--------------------+-----------+--------------+-----------+--------------+--------------+-----------+-----------+--------------+-----------+-----------+--------------+--------------+--------------+--------------+--------------+--------------+--------------+--------------+--------------+--------------+--------------+--------------+--------------+--------------+--------------+--------------+--------------+-----------+--------------+--------------+


+-------------------------------------------------------------------------------------------+
; Fitter Device Options                                                                     ;
+------------------------------------------------------------------+------------------------+
; Option                                                           ; Setting                ;
+------------------------------------------------------------------+------------------------+
; Enable user-supplied start-up clock (CLKUSR)                     ; Off                    ;
; Enable device-wide reset (DEV_CLRn)                              ; Off                    ;
; Enable device-wide output enable (DEV_OE)                        ; Off                    ;
; Enable INIT_DONE output                                          ; Off                    ;
; Configuration scheme                                             ; Internal Configuration ;
; Enable Error Detection CRC_ERROR pin                             ; Off                    ;
; Enable open drain on CRC_ERROR pin                               ; Off                    ;
; Enable nCONFIG, nSTATUS, and CONF_DONE pins                      ; On                     ;
; Enable JTAG pin sharing                                          ; Off                    ;
; Enable nCE pin                                                   ; Off                    ;
; Enable CONFIG_SEL pin                                            ; On                     ;
; Enable input tri-state on active configuration pins in user mode ; Off                    ;
; Configuration Voltage Level                                      ; Auto                   ;
; Force Configuration Voltage Level                                ; Off                    ;
; Data[0]                                                          ; Unreserved             ;
; Data[1]/ASDO                                                     ; Unreserved             ;
; FLASH_nCE/nCSO                                                   ; Unreserved             ;
; DCLK                                                             ; Unreserved             ;
+------------------------------------------------------------------+------------------------+


+------------------------------------+
; Operating Settings and Conditions  ;
+---------------------------+--------+
; Setting                   ; Value  ;
+---------------------------+--------+
; Nominal Core Voltage      ; 1.20 V ;
; Low Junction Temperature  ; 0 °C   ;
; High Junction Temperature ; 85 °C  ;
+---------------------------+--------+


+------------------------------------------------------------+
; Estimated Delay Added for Hold Timing Summary              ;
+-----------------+----------------------+-------------------+
; Source Clock(s) ; Destination Clock(s) ; Delay Added in ns ;
+-----------------+----------------------+-------------------+
; CLK             ; CLK                  ; 1.6               ;
+-----------------+----------------------+-------------------+
Note: For more information on problematic transfers, consider running the Fitter again with the Optimize hold timing option (Settings Menu) turned off.
This will disable optimization of problematic paths and expose them for further analysis using the TimeQuest Timing Analyzer.


+------------------------------------------------------------------------------------------------------------------------------------------------------------------------------------------------------------------------------------------------------------------------------------------------------------------------------------------+
; Estimated Delay Added for Hold Timing Details                                                                                                                                                                                                                                                                                            ;
+---------------------------------------------------------------------------------------------------------------------------------------------------+------------------------------------------------------------------------------------------------------------------------------------------------------------------+-------------------+
; Source Register                                                                                                                                   ; Destination Register                                                                                                                                             ; Delay Added in ns ;
+---------------------------------------------------------------------------------------------------------------------------------------------------+------------------------------------------------------------------------------------------------------------------------------------------------------------------+-------------------+
; ADXL345:inst1|CAPUTURE_CYCLES[2]                                                                                                                  ; ADXL345:inst1|READY                                                                                                                                              ; 0.138             ;
; I2C_SPI_UART:inst|FIFO:FIFO_inst|scfifo:scfifo_component|scfifo_ep11:auto_generated|a_dpfifo_lv11:dpfifo|cntr_o2b:wr_ptr|counter_reg_bit[3]       ; I2C_SPI_UART:inst|FIFO:FIFO_inst|scfifo:scfifo_component|scfifo_ep11:auto_generated|a_dpfifo_lv11:dpfifo|altsyncram_cvl1:FIFOram|ram_block1a6~porta_address_reg0 ; 0.130             ;
; I2C_SPI_UART:inst|FIFO:FIFO_inst|scfifo:scfifo_component|scfifo_ep11:auto_generated|a_dpfifo_lv11:dpfifo|cntr_o2b:wr_ptr|counter_reg_bit[1]       ; I2C_SPI_UART:inst|FIFO:FIFO_inst|scfifo:scfifo_component|scfifo_ep11:auto_generated|a_dpfifo_lv11:dpfifo|altsyncram_cvl1:FIFOram|ram_block1a6~porta_address_reg0 ; 0.130             ;
; I2C_SPI_UART:inst|FIFO:FIFO_inst|scfifo:scfifo_component|scfifo_ep11:auto_generated|a_dpfifo_lv11:dpfifo|cntr_o2b:wr_ptr|counter_reg_bit[5]       ; I2C_SPI_UART:inst|FIFO:FIFO_inst|scfifo:scfifo_component|scfifo_ep11:auto_generated|a_dpfifo_lv11:dpfifo|altsyncram_cvl1:FIFOram|ram_block1a6~porta_address_reg0 ; 0.130             ;
; I2C_SPI_UART:inst|FIFO:FIFO_inst|scfifo:scfifo_component|scfifo_ep11:auto_generated|a_dpfifo_lv11:dpfifo|cntr_o2b:wr_ptr|counter_reg_bit[6]       ; I2C_SPI_UART:inst|FIFO:FIFO_inst|scfifo:scfifo_component|scfifo_ep11:auto_generated|a_dpfifo_lv11:dpfifo|altsyncram_cvl1:FIFOram|ram_block1a6~porta_address_reg0 ; 0.108             ;
; UART:inst6|UART_TX:UART_TX_INST|TX_START_EDGE                                                                                                     ; UART:inst6|UART_TX:UART_TX_INST|STATE.IDLE                                                                                                                       ; 0.106             ;
; I2C_SPI_UART:inst|FIFO:FIFO_inst|scfifo:scfifo_component|scfifo_ep11:auto_generated|a_dpfifo_lv11:dpfifo|cntr_o2b:wr_ptr|counter_reg_bit[0]       ; I2C_SPI_UART:inst|FIFO:FIFO_inst|scfifo:scfifo_component|scfifo_ep11:auto_generated|a_dpfifo_lv11:dpfifo|altsyncram_cvl1:FIFOram|ram_block1a6~porta_address_reg0 ; 0.102             ;
; I2C_SPI_UART:inst|FIFO:FIFO_inst|scfifo:scfifo_component|scfifo_ep11:auto_generated|a_dpfifo_lv11:dpfifo|cntr_o2b:wr_ptr|counter_reg_bit[4]       ; I2C_SPI_UART:inst|FIFO:FIFO_inst|scfifo:scfifo_component|scfifo_ep11:auto_generated|a_dpfifo_lv11:dpfifo|altsyncram_cvl1:FIFOram|ram_block1a6~porta_address_reg0 ; 0.098             ;
; I2C_SPI_UART:inst|FIFO:FIFO_inst|scfifo:scfifo_component|scfifo_ep11:auto_generated|a_dpfifo_lv11:dpfifo|cntr_o2b:wr_ptr|counter_reg_bit[2]       ; I2C_SPI_UART:inst|FIFO:FIFO_inst|scfifo:scfifo_component|scfifo_ep11:auto_generated|a_dpfifo_lv11:dpfifo|altsyncram_cvl1:FIFOram|ram_block1a6~porta_address_reg0 ; 0.087             ;
; I2C_SPI_UART:inst|RETURN_STATE.PAYLOAD                                                                                                            ; I2C_SPI_UART:inst|STATE.PAYLOAD                                                                                                                                  ; 0.083             ;
; I2C_SPI_UART:inst|RETURN_STATE.DATA_LENGTH                                                                                                        ; I2C_SPI_UART:inst|STATE.DATA_LENGTH                                                                                                                              ; 0.083             ;
; ADXL345:inst1|SPI_DRIVER:SPI_DRIVER_INST|START_PULSE                                                                                              ; ADXL345:inst1|SPI_DRIVER:SPI_DRIVER_INST|BUSY                                                                                                                    ; 0.083             ;
; I2C_SPI_UART:inst|FIFO:FIFO_inst|scfifo:scfifo_component|scfifo_ep11:auto_generated|a_dpfifo_lv11:dpfifo|cntr_o2b:rd_ptr_count|counter_reg_bit[5] ; I2C_SPI_UART:inst|FIFO:FIFO_inst|scfifo:scfifo_component|scfifo_ep11:auto_generated|a_dpfifo_lv11:dpfifo|altsyncram_cvl1:FIFOram|ram_block1a6~portb_address_reg0 ; 0.082             ;
; I2C_SPI_UART:inst|FIFO:FIFO_inst|scfifo:scfifo_component|scfifo_ep11:auto_generated|a_dpfifo_lv11:dpfifo|cntr_o2b:rd_ptr_count|counter_reg_bit[3] ; I2C_SPI_UART:inst|FIFO:FIFO_inst|scfifo:scfifo_component|scfifo_ep11:auto_generated|a_dpfifo_lv11:dpfifo|altsyncram_cvl1:FIFOram|ram_block1a6~portb_address_reg0 ; 0.079             ;
; I2C_SPI_UART:inst|FIFO:FIFO_inst|scfifo:scfifo_component|scfifo_ep11:auto_generated|a_dpfifo_lv11:dpfifo|cntr_o2b:rd_ptr_count|counter_reg_bit[2] ; I2C_SPI_UART:inst|FIFO:FIFO_inst|scfifo:scfifo_component|scfifo_ep11:auto_generated|a_dpfifo_lv11:dpfifo|altsyncram_cvl1:FIFOram|ram_block1a6~portb_address_reg0 ; 0.069             ;
; I2C_SPI_UART:inst|data_sig[5]                                                                                                                     ; I2C_SPI_UART:inst|FIFO:FIFO_inst|scfifo:scfifo_component|scfifo_ep11:auto_generated|a_dpfifo_lv11:dpfifo|altsyncram_cvl1:FIFOram|ram_block1a5~porta_datain_reg0  ; 0.041             ;
; I2C_SPI_UART:inst|data_sig[3]                                                                                                                     ; I2C_SPI_UART:inst|FIFO:FIFO_inst|scfifo:scfifo_component|scfifo_ep11:auto_generated|a_dpfifo_lv11:dpfifo|altsyncram_cvl1:FIFOram|ram_block1a3~porta_datain_reg0  ; 0.022             ;
; ADXL345:inst1|CAPUTURE_CYCLES[1]                                                                                                                  ; ADXL345:inst1|READY                                                                                                                                              ; 0.021             ;
; SINGLE_SHOT:inst2|ADS1115:U_ADS1115|STATE_AFTER_WAIT.CONFIGURE                                                                                    ; SINGLE_SHOT:inst2|ADS1115:U_ADS1115|STATE.READ_DATA                                                                                                              ; 0.014             ;
+---------------------------------------------------------------------------------------------------------------------------------------------------+------------------------------------------------------------------------------------------------------------------------------------------------------------------+-------------------+
Note: This table only shows the top 19 path(s) that have the largest delay added for hold.


+-----------------+
; Fitter Messages ;
+-----------------+
Warning (18236): Number of processors has not been specified which may cause overloading on shared machines.  Set the global assignment NUM_PARALLEL_PROCESSORS in your QSF to an appropriate value for best performance.
Info (20030): Parallel compilation is enabled and will use 4 of the 4 processors detected
Info (119006): Selected device 10M08SCE144C8G for design "I2C_SPI_UART"
Info (21077): Low junction temperature is 0 degrees C
Info (21077): High junction temperature is 85 degrees C
Info (171003): Fitter is performing an Auto Fit compilation, which may decrease Fitter effort to reduce compilation time
Warning (292013): Feature LogicLock is only available with a valid subscription license. You can purchase a software subscription to gain full access to this feature.
Critical Warning (16562): Review the Power Analyzer report file (<design>.pow.rpt) to ensure your design is within the maximum power utilization limit of the single power-supply target device and to avoid functional failures.
Info (176444): Device migration not selected. If you intend to use device migration later, you may need to change the pin assignments as they may be incompatible with other devices
    Info (176445): Device 10M04SCE144C8G is compatible
    Info (176445): Device 10M16SCE144C8G is compatible
    Info (176445): Device 10M25SCE144C8G is compatible
Info (169124): Fitter converted 8 user pins into dedicated programming pins
    Info (169125): Pin ~ALTERA_TMS~ is reserved at location 16
    Info (169125): Pin ~ALTERA_TCK~ is reserved at location 18
    Info (169125): Pin ~ALTERA_TDI~ is reserved at location 19
    Info (169125): Pin ~ALTERA_TDO~ is reserved at location 20
    Info (169125): Pin ~ALTERA_CONFIG_SEL~ is reserved at location 126
    Info (169125): Pin ~ALTERA_nCONFIG~ is reserved at location 129
    Info (169125): Pin ~ALTERA_nSTATUS~ is reserved at location 136
    Info (169125): Pin ~ALTERA_CONF_DONE~ is reserved at location 138
Info (169141): DATA[0] dual-purpose pin not reserved
Info (12825): Data[1]/ASDO dual-purpose pin not reserved
Info (12825): nCSO dual-purpose pin not reserved
Info (12825): DCLK dual-purpose pin not reserved
Warning (15714): Some pins have incomplete I/O assignments. Refer to the I/O Assignment Warnings report for details
Info (176045): Design uses memory blocks. Violating setup or hold times of memory block address registers for either read or write operations could cause memory contents to be corrupted. Make sure that all memory block address registers meet the setup and hold time requirements.
Critical Warning (332012): Synopsys Design Constraints File file not found: 'I2C_SPI_UART.sdc'. A Synopsys Design Constraints File is required by the TimeQuest Timing Analyzer to get proper timing constraints. Without it, the Compiler will not properly optimize the design.
Info (332144): No user constrained base clocks found in the design
Info (332143): No user constrained clock uncertainty found in the design. Calling "derive_clock_uncertainty"
Info (332154): The derive_clock_uncertainty command did not apply clock uncertainty to any clock-to-clock transfers.
Info (332130): Timing requirements not specified -- quality metrics such as performance may be sacrificed to reduce compilation time.
Info (176353): Automatically promoted node CLK~input (placed in PIN 26 (CLK0n, DIFFIO_RX_L18n, DIFFOUT_L18n, High_Speed))
    Info (176355): Automatically promoted destinations to use location or clock signal Global Clock CLKCTRL_G2
Info (176233): Starting register packing
Info (176235): Finished register packing
    Extra Info (176218): Packed 8 registers into blocks of type Block RAM
Info (171121): Fitter preparation operations ending: elapsed time is 00:00:02
Info (14896): Fitter has disabled Advanced Physical Optimization because it is not supported for the current family.
Info (170189): Fitter placement preparation operations beginning
Info (170190): Fitter placement preparation operations ending: elapsed time is 00:00:00
Info (170191): Fitter placement operations beginning
Info (170137): Fitter placement was successful
Info (170192): Fitter placement operations ending: elapsed time is 00:00:02
Info (170193): Fitter routing operations beginning
Info (170195): Router estimated average interconnect usage is 1% of the available device resources
    Info (170196): Router estimated peak interconnect usage is 4% of the available device resources in the region that extends from location X21_Y0 to location X31_Y12
Info (170199): The Fitter performed an Auto Fit compilation.  Optimizations were skipped to reduce compilation time.
    Info (170201): Optimizations that may affect the design's routability were skipped
Info (170194): Fitter routing operations ending: elapsed time is 00:00:02
Info (11888): Total time spent on timing analysis during the Fitter is 0.96 seconds.
Info (334003): Started post-fitting delay annotation
Info (334004): Delay annotation completed successfully
Info (334003): Started post-fitting delay annotation
Info (334004): Delay annotation completed successfully
Info (11218): Fitter post-fit operations ending: elapsed time is 00:00:03
Info (144001): Generated suppressed messages file C:/Users/steel/Documents/FPGA_tasks/FPGA_REPO/FPGA-practices/I2C+SPI+UART/output_files/I2C_SPI_UART.fit.smsg
Info: Quartus Prime Fitter was successful. 0 errors, 5 warnings
    Info: Peak virtual memory: 5579 megabytes
    Info: Processing ended: Sun Mar 01 19:15:37 2026
    Info: Elapsed time: 00:00:12
    Info: Total CPU time (on all processors): 00:00:16


+----------------------------+
; Fitter Suppressed Messages ;
+----------------------------+
The suppressed messages can be found in C:/Users/steel/Documents/FPGA_tasks/FPGA_REPO/FPGA-practices/I2C+SPI+UART/output_files/I2C_SPI_UART.fit.smsg.


